Ref,Country,Date online,Status,Technology,Technology_electricity,Technology_electricity_details,Product,Capacity_MWel,Capacity_Nm³ H₂/h,Capacity_kt H2/y,Capacity_t CO₂ captured/y,zero-carbon estimated normalized capacity [Nm³ H₂/hour],Cluster
6,NOR,2026.0,FID/Construction,SOEC,Dedicated renewable,Others/Various,Synfuels,50.26358319,13227.0,10.3,,13227.0,2
7,NOR,2026.0,Feasibility study,SOEC,Dedicated renewable,Others/Various,Synfuels,50.26358319,13227.0,10.3,,13227.0,2
8,SWE,2021.0,Operational,ALK,Grid,,H2,4.5,978.0,0.8,,978.0,0
9,SWE,2025.0,FID/Construction,ALK,Grid,,H2,500.0,108696.0,84.7,,108696.0,0
10,ESP,2022.0,Operational,PEM,Dedicated renewable,Solar PV,Ammonia,20.0,3846.0,3.0,,3846.0,1
11,ESP,2022.0,Operational,PEM,Dedicated renewable,Solar PV,H2,2.5,481.0,0.4,,481.0,1
17,CHE,2020.0,Operational,PEM,Dedicated renewable,Hydropower,H2,2.0,385.0,0.3,,385.0,3
18,DEU,2021.0,Operational,ALK,Grid,,H2,2.0,435.0,0.3,,435.0,1
19,DEU,2020.0,Operational,PEM,Dedicated renewable,Hydropower,H2,1.3,250.0,0.2,,250.0,3
20,DEU,2020.0,Operational,PEM,Dedicated renewable,Onshore wind,H2,1.125,216.0,0.2,,216.0,3
22,GBR,2019.0,Operational,PEM,Dedicated renewable,Onshore wind,H2,1.0,192.0,0.1,,192.0,1
23,DEU,2020.0,Operational,ALK,Dedicated renewable,Hydropower,H2,1.3,283.0,0.2,,283.0,1
24,DEU,2020.0,Operational,SOEC,Grid,,H2,0.7,200.0,0.2,,200.0,3
27,JPN,2020.0,Operational,PEM,Grid,,H2,0.0052,1.0,0.0,,1.0,4
28,JPN,2020.0,Operational,PEM,Grid,,H2,0.0052,1.0,0.0,,1.0,4
29,JPN,2020.0,Operational,PEM,Grid,,H2,0.0052,1.0,0.0,,1.0,4
30,AUT,2019.0,Operational,PEM,Grid,,H2,6.0,1154.0,0.9,,1154.0,3
31,CHN,2019.0,Operational,PEM,Dedicated renewable,Unknown,H2,4.0,769.0,0.6,,769.0,3
33,CAN,2019.0,Operational,PEM,Grid,,H2,2.5,481.0,0.4,,481.0,3
36,DEU,2019.0,Operational,PEM,Grid,,MeOH,1.0,192.0,0.1,,192.0,3
37,DEU,2020.0,Operational,PEM,Dedicated renewable,Onshore wind,H2,1.0,192.0,0.1,,192.0,3
38,EST,2019.0,Operational,ALK,Other/unknown,,H2,1.0,217.0,0.2,,217.0,1
40,EST,2019.0,Operational,PEM,Other/unknown,,H2,0.728,140.0,0.1,,140.0,1
41,FRA,2019.0,Operational,ALK,Grid,,H2,0.5,109.0,0.1,,109.0,1
42,GBR,2020.0,Operational,PEM,Grid,,H2,0.5,96.0,0.1,,96.0,1
43,CAN,2019.0,Operational,ALK,Other/unknown,,H2,0.5,109.0,0.1,,109.0,3
44,FRA,2019.0,Operational,PEM,Grid,,H2,0.75,144.0,0.1,,144.0,1
46,CHE,2019.0,Operational,PEM,Grid,,CH4,0.35,67.0,0.1,,67.0,3
49,MYS,2019.0,Operational,ALK,Other/unknown,,H2,0.276,60.0,0.0,,60.0,2
50,SWE,2019.0,Operational,ALK,Dedicated renewable,Solar PV,H2,0.276,60.0,0.0,,60.0,0
52,DEU,2019.0,Operational,PEM,Grid,,H2,0.2,38.0,0.0,,38.0,3
54,AUS,2019.0,Operational,PEM,Grid,,H2,0.15,29.0,0.0,,29.0,3
62,SGP,2019.0,Operational,PEM,Other/unknown,,H2,0.0052,1.0,0.0,,1.0,0
63,DEU,2018.0,Operational,PEM,Grid,,CH4,1.0,192.0,0.1,,192.0,3
64,JPN,2019.0,Operational,PEM,Other/unknown,,H2,1.5,288.0,0.2,,288.0,4
68,DEU,2019.0,Operational,PEM,Dedicated renewable,Onshore wind,H2,2.4,450.0,0.4,,450.0,3
69,DEU,2018.0,Operational,ALK,Grid,,Various,2.0,435.0,0.3,,435.0,1
70,USA,2018.0,Operational,PEM,Other/unknown,,H2,1.5,288.0,0.2,,288.0,0
71,DNK,2020.0,Operational,PEM,Dedicated renewable,Onshore wind,H2,1.5,288.0,0.2,,288.0,1
72,GBR,2018.0,Operational,ALK,Other/unknown,,H2,1.0,217.0,0.2,,217.0,1
73,THA,2018.0,Operational,PEM,Other/unknown,,H2,1.0,192.0,0.1,,192.0,0
74,DEU,2020.0,Operational,PEM,Other/unknown,,H2,0.8,154.0,0.1,,154.0,3
75,NOR,2017.0,Operational,ALK,Dedicated renewable,Solar PV,H2,0.7,152.0,0.1,,152.0,2
76,AUT,2018.0,Operational,ALK,Dedicated renewable,Solar PV,CH4,0.6,130.0,0.1,,130.0,3
77,GBR,2017.0,Operational,PEM,Dedicated renewable,Onshore wind,H2,0.7,135.0,0.1,,135.0,1
80,DEU,2018.0,Operational,PEM,Dedicated renewable,Onshore wind,H2,0.225,43.0,0.0,,43.0,3
82,ITA,2018.0,Operational,PEM,Grid,,CH4,0.2,38.0,0.0,,38.0,4
83,FRA,2018.0,Operational,PEM,Other/unknown,,H2,0.1924,37.0,0.0,,37.0,1
87,DEU,2018.0,Operational,PEM,Other/unknown,,CH4,0.05,10.0,0.0,,10.0,3
88,ESP,2018.0,Operational,SOEC,Other/unknown,,CH4,0.03344,9.0,0.0,,9.0,1
89,ITA,2018.0,Operational,SOEC,Other/unknown,,H2,0.038,10.0,0.0,,10.0,4
90,JPN,2018.0,Operational,PEM,Other/unknown,,H2,0.025,5.0,0.0,,5.0,4
92,DEU,2018.0,Operational,ALK,Grid,,CH4,0.0184,4.0,0.0,,4.0,1
93,JPN,2018.0,Operational,PEM,Other/unknown,,H2,0.0052,1.0,0.0,,1.0,4
94,JPN,2018.0,Operational,PEM,Other/unknown,,H2,0.0052,1.0,0.0,,1.0,4
96,SWE,2018.0,Operational,PEM,Other/unknown,,H2,,,,,0.0,0
97,GBR,2035.0,Concept,NG w CCUS,,,H2,,3890730.0,3033.4,15000000.0,1880647.0,1
111,GBR,2026.0,Feasibility study,NG w CCUS,,,H2,,115438.0,90.0,810000.0,101555.0,1
115,DEU,2017.0,Operational,ALK,Other/unknown,,H2,0.0625,14.0,0.0,,14.0,1
119,FRA,2017.0,Operational,PEM,Other/unknown,,H2,0.0468,9.0,0.0,,9.0,1
121,JPN,2017.0,Operational,PEM,Other/unknown,,H2,0.0052,1.0,0.0,,1.0,4
122,JPN,2017.0,Operational,PEM,Other/unknown,,H2,0.0052,1.0,0.0,,1.0,4
123,JPN,2017.0,Operational,PEM,Other/unknown,,H2,0.0052,1.0,0.0,,1.0,4
124,CRI,2017.0,Operational,PEM,Dedicated renewable,Others/Various,H2,0.0052,1.0,0.0,,1.0,3
127,DEU,2016.0,Operational,PEM,Grid,,H2,1.25,240.0,0.2,,240.0,3
130,DEU,2024.0,Feasibility study,PEM,Other/unknown,,H2,120.0,23077.0,18.0,,23077.0,3
134,DEU,2016.0,Operational,PEM,Other/unknown,,H2,0.2,38.0,0.0,,38.0,3
135,DEU,2016.0,Operational,PEM,Grid,,H2,0.185,36.0,0.0,,36.0,3
138,NOR,2016.0,Operational,PEM,Other/unknown,,H2,0.0104,2.0,0.0,,2.0,2
139,JPN,2016.0,Operational,PEM,Grid,,H2,0.0052,1.0,0.0,,1.0,4
140,JPN,2016.0,Operational,PEM,Grid,,H2,0.0052,1.0,0.0,,1.0,4
142,DEU,2015.0,Operational,PEM,Dedicated renewable,Onshore wind,H2,1.5,288.0,0.2,,288.0,3
143,DEU,2015.0,Operational,ALK,Dedicated renewable,Onshore wind,H2,1.0,217.0,0.2,,217.0,1
146,DNK,2015.0,Operational,ALK,Other/unknown,,CH4,0.5,109.0,0.1,,109.0,1
147,CAN,2015.0,Operational,ALK,Other/unknown,,H2,0.276,60.0,0.0,,60.0,3
148,BEL,2015.0,Operational,ALK,Dedicated renewable,Onshore wind,H2,0.3,65.0,0.1,,65.0,3
151,DEU,2015.0,Operational,PEM,Grid,,H2,0.15,29.0,0.0,,29.0,3
163,DEU,2015.0,Operational,PEM,Grid,,H2,0.02,4.0,0.0,,4.0,3
169,ITA,2014.0,Operational,ALK,Other/unknown,,H2,1.5,326.0,0.3,,326.0,4
173,DEU,2014.0,Operational,ALK,Dedicated renewable,Onshore wind,H2,0.5,109.0,0.1,,109.0,1
178,DEU,2026.0,Feasibility study,ALK,Dedicated renewable,Others/Various,H2,30.0,6522.0,5.1,,6522.0,1
198,DEU,2014.0,Operational,PEM,Other/unknown,,H2,0.0208,4.0,0.0,,4.0,3
200,DEU,2013.0,Operational,ALK,Grid,,CH4,6.3,1370.0,1.1,,1370.0,1
201,DNK,2013.0,Operational,ALK,Grid,,H2,0.43071161,94.0,0.1,,94.0,1
202,DEU,2013.0,Operational,ALK,Dedicated renewable,Onshore wind,H2,2.0,435.0,0.3,,435.0,1
203,DEU,2013.0,Operational,PEM,Other/unknown,,H2,1.0,192.0,0.1,,192.0,3
204,NOR,2013.0,Operational,ALK,Other/unknown,,H2,0.6,130.0,0.1,,130.0,2
205,DNK,2023.0,FID/Construction,ALK,Grid,,H2,20.0,4348.0,3.4,,4348.0,1
207,DEU,2013.0,Operational,PEM,Grid,,CH4,0.26,50.0,0.0,,50.0,3
211,AUS,2013.0,Operational,ALK,Other/unknown,,H2,0.2,43.0,0.0,,43.0,3
213,DEU,2013.0,Operational,PEM,Grid,,CH4,0.18,35.0,0.0,,35.0,3
221,DEU,2013.0,Operational,PEM,Dedicated renewable,Solar PV,H2,0.04,8.0,0.0,,8.0,3
222,IND,2005.0,Operational,ALK,Other/Unknown,,H2,,,,,0.0,4
225,DEU,2021.0,Operational,PEM,Grid,,H2,10.0,1923.0,1.5,,1923.0,3
227,DEU,2017.0,Operational,PEM,Grid,,H2,5.0,962.0,0.7,,962.0,3
235,DEU,2012.0,Operational,ALK,Other/unknown,,H2,0.165,36.0,0.0,,36.0,1
236,DEU,2012.0,Operational,ALK,Other/unknown,,H2,0.14,30.0,0.0,,30.0,1
239,DEU,2012.0,Operational,ALK,Other/unknown,,H2,0.12,26.0,0.0,,26.0,1
246,GBR,2012.0,Operational,ALK,Other/unknown,,H2,0.03,7.0,0.0,,7.0,1
254,DEU,2011.0,Operational,ALK,Other/unknown,,H2,0.6,120.0,0.1,,120.0,1
258,DEU,2011.0,Operational,ALK,Other/unknown,,H2,0.5,120.0,0.1,,120.0,1
259,DEU,2011.0,Operational,ALK,Other/unknown,,H2,0.3,65.0,0.1,,65.0,1
270,CAN,2011.0,Operational,ALK,Other/unknown,,H2,0.1242,27.0,0.0,,27.0,3
279,NLD,2011.0,Operational,PEM,Other/unknown,,H2,0.01,2.0,0.0,,2.0,2
282,CAN,2010.0,Operational,ALK,Other/unknown,,H2,0.3,65.0,0.1,,65.0,3
286,DNK,2010.0,Operational,ALK,Other/unknown,,H2,0.0874,19.0,0.0,,19.0,1
299,DNK,2010.0,Operational,ALK,Other/unknown,,H2,,,,,0.0,1
302,IND,2012.0,Operational,PEM,Other/unknown,,H2,0.0104,2.0,0.0,,2.0,4
303,ARG,2009.0,Operational,ALK,Dedicated renewable,Onshore wind,H2,0.828,180.0,0.1,,180.0,3
306,TUR,2009.0,Operational,ALK,Other/unknown,,H2,0.16,30.0,0.0,,30.0,0
312,DEU,2009.0,Operational,ALK,Grid,,H2,0.006,1.0,0.0,,1.0,1
333,GBR,2008.0,Operational,ALK,Other/unknown,,H2,0.046,10.0,0.0,,10.0,1
405,IND,2014.0,Operational,ALK,Other/unknown,,H2,2.0424,444.0,0.3,,444.0,4
427,GBR,2004.0,Operational,ALK,Other/unknown,,H2,0.034,7.0,0.0,,7.0,1
437,DEU,2017.0,Operational,PEM,Dedicated renewable,Onshore wind,H2,6.0,1154.0,0.9,,1154.0,3
449,ITA,2016.0,Operational,ALK,Other/unknown,,H2,1.2,261.0,0.2,,261.0,4
472,FRA,2017.0,Operational,ALK,Other/unknown,,H2,0.138,30.0,0.0,,30.0,1
477,CHN,2017.0,Operational,ALK,Other/unknown,,H2,0.092,20.0,0.0,,20.0,3
491,LBN,2018.0,Operational,ALK,Other/unknown,,H2,0.114,25.0,0.0,,25.0,4
492,FRA,2018.0,Operational,ALK,Other/unknown,,H2,0.0552,12.0,0.0,,12.0,1
494,NOR,2000.0,Operational,ALK,Grid,,H2,0.05,11.0,0.0,,11.0,2
499,GRC,2021.0,Operational,ALK,Dedicated renewable,Hydropower,H2,0.025,5.0,0.0,,5.0,1
500,ESP,2023.0,Operational,ALK,Dedicated renewable,Others/Various,H2,0.08,17.0,0.0,,17.0,1
502,BEL,2021.0,Operational,PEM,Other/unknown,,H2,1.0,192.0,0.1,,192.0,3
505,DNK,2013.0,Operational,ALK,Grid,,H2,0.43071161,94.0,0.1,,94.0,1
506,DNK,2013.0,Operational,ALK,Grid,,H2,0.43071161,94.0,0.1,,94.0,1
507,DNK,2013.0,Operational,ALK,Grid,,H2,1.292134831,281.0,0.2,,281.0,1
517,NLD,2021.0,Operational,PEM,Dedicated renewable,Solar PV,H2,1.0,192.0,0.1,,192.0,2
518,NOR,2021.0,Operational,PEM,Dedicated renewable,Onshore wind,H2,2.5,481.0,0.4,,481.0,2
530,DNK,2022.0,Operational,ALK,Dedicated renewable,Offshore wind,H2,2.0,435.0,0.3,,435.0,1
533,DNK,2020.0,Operational,ALK,Grid,,H2,0.25,54.0,0.0,,54.0,1
538,NOR,,Feasibility study,ALK,Dedicated renewable,Hydropower,H2,2.0,435.0,0.3,,435.0,2
539,NOR,2013.0,Operational,Biomass,,,H2,,10.0,0.0,,10.0,2
540,NOR,2024.0,Feasibility study,ALK,Dedicated renewable,Others/Various,H2,45.0,9783.0,7.6,,9783.0,2
543,GBR,2028.0,Feasibility study,NG w CCUS,,,H2,,64045.0,49.9,400000.0,50151.0,1
548,NOR,2023.0,FID/Construction,PEM,Grid,,Ammonia,24.0,4615.0,3.6,,4615.0,2
558,GBR,2005.0,Operational,ALK,Other/unknown,,H2,0.015,3.0,0.0,,3.0,1
559,GBR,2021.0,Operational,PEM,Dedicated renewable,Others/Various,H2,3.0,577.0,0.4,,577.0,1
562,GBR,2028.0,Feasibility study,NG w CCUS,,,H2,,192135.0,149.8,1000000.0,125376.0,1
566,GBR,2024.0,FID/Construction,PEM,Dedicated renewable,Solar PV,H2,20.0,3846.0,3.0,,3846.0,1
571,USA,2024.0,FID/Construction,ALK,Dedicated renewable,Unknown,Ammonia,20.0,4348.0,3.4,,4348.0,0
572,USA,2024.0,Feasibility study,PEM,Dedicated renewable,Unknown,H2,5.0,962.0,0.7,,962.0,0
573,DEU,2028.0,Feasibility study,ALK,Dedicated renewable,Others/Various,H2,670.0,145652.0,113.6,,145652.0,1
574,DEU,2023.0,FID/Construction,ALK,Dedicated renewable,Offshore wind,H2,10.0,2174.0,1.7,,2174.0,1
575,DEU,,Feasibility study,PEM,Other/unknown,,CH4,50.0,9615.0,7.5,,9615.0,3
577,SWE,2024.0,FID/Construction,PEM,Dedicated renewable,Onshore wind,MeOH,70.0,12270.0,9.6,,12270.0,0
582,ITA,2030.0,Concept,PEM,Dedicated renewable,Others/Various,H2,,0.0,0.0,,0.0,4
584,AUS,2028.0,Feasibility study,PEM,Dedicated renewable,Solar PV,H2,5000.0,961538.0,749.7,,961538.0,3
585,SAU,2026.0,FID/Construction,ALK,Dedicated renewable,Others/Various,Ammonia,2000.0,434783.0,339.0,,434783.0,0
594,CRI,2025.0,Feasibility study,PEM,Dedicated renewable,Others/Various,H2,1.0,192.0,0.1,,192.0,3
603,CHN,2021.0,Operational,ALK,Dedicated renewable,Solar PV,H2,30.0,6522.0,5.1,,6522.0,3
609,NLD,2026.0,Feasibility study,PEM,Dedicated renewable,Onshore wind,H2,50.0,9615.0,7.5,,9615.0,2
615,FRA,2021.0,Operational,ALK,Dedicated renewable,Unknown,H2,0.75,163.0,0.1,,163.0,1
618,ESP,2024.0,Feasibility study,PEM,Dedicated renewable,Offshore wind,H2,20.0,3846.0,3.0,,3846.0,1
620,PRT,,Feasibility study,PEM,Dedicated renewable,Others/Various,Synfuels,68.52477751,13178.0,10.3,,13178.0,2
623,DEU,2022.0,Operational,PEM,Dedicated renewable,Others/Various,H2,8.8,1692.0,1.3,,1692.0,3
624,DEU,,Concept,PEM,Dedicated renewable,Others/Various,H2,26.67898004,5131.0,4.0,,5131.0,3
625,ESP,2023.0,FID/Construction,ALK,Grid,,H2,2.5,543.0,0.4,,543.0,1
634,SGP,2019.0,Operational,PEM,Grid,,H2,0.0052,1.0,0.0,,1.0,0
637,NLD,2023.0,Operational,SOEC,Dedicated renewable,Unknown,H2,2.5,658.0,0.5,,658.0,2
641,CHE,2022.0,Operational,PEM,Other/Unknown,,CH4,2.5,481.0,0.4,,481.0,3
643,AUS,,Concept,PEM,Other/unknown,,H2,2.0,385.0,0.3,,385.0,3
645,FRA,2023.0,Operational,ALK,Grid,,H2,2.0,435.0,0.3,,435.0,1
689,NLD,2024.0,Feasibility study,PEM,Dedicated renewable,Offshore wind,H2,1.25,240.0,0.2,,240.0,2
701,CHN,2020.0,Operational,ALK,Dedicated renewable,Solar PV,MeOH,4.6,1000.0,0.8,,1000.0,3
704,FRA,2021.0,Operational,ALK,Grid,,H2,1.0,217.0,0.2,,217.0,1
706,USA,2013.0,Operational,Oil w CCUS,,,Ammonia,,,,900000.0,53861.0,0
707,USA,2013.0,Operational,NG w CCUS,,,Ammonia,,,,250000.0,31344.0,0
708,USA,2013.0,Operational,NG w CCUS,,,H2,,151000.0,117.7,900000.0,112839.0,0
710,FRA,2015.0,Operational,NG w CCUS,,,H2,,50000.0,39.0,100000.0,12538.0,1
711,CAN,2015.0,Operational,NG w CCUS,,,H2,,,300.0,1100000.0,137914.0,3
718,CAN,2020.0,Operational,PEM,Dedicated renewable,Hydropower,H2,20.0,3846.0,3.0,,3846.0,3
720,CAN,2025.0,FID/Construction,NG w CCUS,,,H2,,179570.0,140.0,770000.0,96540.0,3
721,CHN,2020.0,Operational,ALK,Dedicated renewable,Onshore wind,H2,9.3,2013.0,1.6,,2013.0,3
725,AUT,2022.0,Operational,ALK,Grid,,H2,3.1,674.0,0.5,,674.0,3
726,ZAF,2022.0,Operational,ALK,Dedicated renewable,Others/Various,H2,3.5,761.0,0.6,,761.0,0
727,CHL,2023.0,Operational,PEM,Dedicated renewable,Solar PV,H2,0.6,115.0,0.1,,,3
728,DEU,2020.0,Operational,PEM,Dedicated renewable,Others/Various,H2,2.5,500.0,0.4,,500.0,3
730,DEU,2021.0,Operational,PEM,Dedicated renewable,Onshore wind,H2,2.5,481.0,0.4,,481.0,3
732,CHN,2019.0,Operational,ALK,Dedicated renewable,Onshore wind,H2,4.0,870.0,0.7,,870.0,3
733,ARE,2021.0,Operational,PEM,Dedicated renewable,Solar PV,H2,1.25,240.0,0.2,,240.0,3
734,AUS,2021.0,Operational,PEM,Dedicated renewable,Others/Various,H2,1.25,240.0,0.2,,240.0,3
735,USA,2021.0,Operational,PEM,Other/Unknown,,H2,1.0,192.0,0.1,,192.0,0
738,AUS,2022.0,Operational,PEM,Other/Unknown,,H2,0.22,42.0,0.0,,42.0,3
744,CAN,2020.0,Operational,Oil w CCUS,,,H2,,,,1300000.0,77799.0,3
745,CAN,2020.0,Operational,NG w CCUS,,,Ammonia,,,,300000.0,37613.0,3
751,FRA,2024.0,FID/Construction,ALK,Dedicated renewable,Unknown,H2,1.5,326.0,0.3,,326.0,1
754,CHN,,FID/Construction,ALK,Dedicated renewable,Onshore wind,H2,147.5039762,32066.0,25.0,,32066.0,3
764,NLD,2022.0,Operational,ALK,Dedicated renewable,Solar PV,H2,1.4,304.0,0.2,,304.0,2
769,USA,2022.0,Operational,Biomass,,,H2,,4682.0,3.7,,4682.0,0
770,CHL,2022.0,Operational,PEM,Dedicated renewable,Onshore wind,Synfuels,1.0,192.0,0.1,,192.0,3
771,NLD,2025.0,FID/Construction,ALK,Dedicated renewable,Offshore wind,H2,200.0,43478.0,33.9,,43478.0,2
772,AUS,2023.0,FID/Construction,PEM,Dedicated renewable,Others/Various,H2,1.0,192.0,0.1,,192.0,3
773,ESP,2022.0,Operational,PEM,Grid,,H2,2.5,481.0,0.4,,481.0,1
775,ESP,2015.0,Operational,ALK,Dedicated renewable,Solar PV,H2,0.06,13.0,0.0,,13.0,1
778,DEU,2026.0,FID/Construction,PEM,Dedicated renewable,Others/Various,H2,53.0,10192.0,7.9,,10192.0,3
779,USA,2024.0,FID/Construction,Biomass,,,H2,,5618.0,4.4,,5618.0,0
784,USA,2023.0,FID/Construction,PEM,Grid,,H2,5.0,962.0,0.7,,962.0,0
785,CHN,2021.0,Operational,PEM,Dedicated renewable,Others/Various,H2,2.0,385.0,0.3,,385.0,3
786,NLD,2024.0,Feasibility study,PEM,Dedicated renewable,Others/Various,H2,5.0,962.0,0.7,,962.0,2
787,NLD,2024.0,Feasibility study,PEM,Dedicated renewable,Onshore wind,H2,2.5,481.0,0.4,,481.0,2
788,CHN,2022.0,Operational,PEM,Dedicated renewable,Others/Various,H2,9.837873891,1892.0,1.5,,1892.0,3
790,NZL,2021.0,Operational,PEM,Dedicated renewable,Others/Various,H2,1.5,250.0,0.2,,250.0,2
794,AUS,2030.0,Feasibility study,Coal w CCUS,,,H2,,360487.0,281.1,4390000.0,262722.0,3
795,NLD,2027.0,Feasibility study,NG w CCUS,,,H2,,128264.0,100.0,1300000.0,162989.0,2
796,SWE,2026.0,Feasibility study,NG w CCUS,,,H2,,,,600000.0,75226.0,0
798,AUS,2023.0,FID/Construction,PEM,Other/Unknown,,H2,0.175,34.0,0.0,,34.0,3
799,AUS,2021.0,Operational,PEM,Grid,,H2,0.2,38.0,0.0,,38.0,3
800,NLD,2024.0,Feasibility study,PEM,Dedicated renewable,Others/Various,H2,10.0,1923.0,1.5,,1923.0,2
803,CHN,2023.0,Feasibility study,Coal w CCUS,,,H2,,,,300000.0,17954.0,3
804,AUS,2023.0,FID/Construction,Biomass,,,H2,,128.0,0.1,,128.0,3
805,PRY,2024.0,Feasibility study,ALK,Dedicated renewable,Others/Various,H2,310.0,67391.0,52.5,,67391.0,2
807,FRA,2025.0,FID/Construction,PEM,Grid,,H2,200.0,38462.0,30.0,,38462.0,1
808,FRA,2026.0,Feasibility study,ALK,Grid,,H2,200.0,43478.0,33.9,,43478.0,1
809,AUS,2026.0,Feasibility study,ALK,Dedicated renewable,Others/Various,H2,55.0,11957.0,9.3,,11957.0,3
811,DEU,2025.0,FID/Construction,ALK,Dedicated renewable,Onshore wind,H2,30.0,6522.0,5.1,,6522.0,1
812,NLD,2026.0,Feasibility study,ALK,Dedicated renewable,Offshore wind,Various,20.0,4348.0,3.4,,4348.0,2
813,AUT,2024.0,FID/Construction,PEM,Other/Unknown,,H2,10.0,1923.0,1.5,,1923.0,3
815,USA,2027.0,Feasibility study,Oil w CCUS,,,MeOH,,,,4200000.0,251351.0,0
818,NLD,2026.0,Feasibility study,ALK,Dedicated renewable,Offshore wind,Synfuels,40.0,8696.0,6.8,,8696.0,2
821,FRA,2029.0,Feasibility study,ALK,Grid,,H2,300.0,65217.0,50.8,,65217.0,1
823,NLD,2027.0,Feasibility study,NG w CCUS,,,H2,,,,1300000.0,162989.0,2
825,USA,2025.0,Feasibility study,Oil w CCUS,,,H2,,157303.0,122.6,1650000.0,98745.0,0
828,NLD,,Feasibility study,Biomass,,,H2,,,,,0.0,2
833,ESP,2026.0,Feasibility study,ALK,Grid,Others/Various,H2,100.0,21739.0,16.9,,21739.0,1
836,USA,2023.0,Operational,Biomass,,,H2,,562.0,0.4,,562.0,0
843,NLD,2030.0,Feasibility study,ALK,Dedicated renewable,Offshore wind,MeOH,40.0,8696.0,6.8,,8696.0,2
851,CHN,2022.0,Operational,ALK,Dedicated renewable,Onshore wind,H2,20.0,4348.0,3.4,,4348.0,3
861,NLD,2030.0,Feasibility study,NG w CCUS,,,H2,,256529.0,200.0,1300000.0,162989.0,2
862,BEL,2024.0,Feasibility study,ALK,Other/Unknown,,H2,0.75,163.0,0.1,,163.0,3
871,JPN,2020.0,Operational,PEM,Grid,,H2,0.0052,1.0,0.0,,1.0,4
872,GBR,2024.0,FID/Construction,ALK,Dedicated renewable,Others/Various,H2,5.0,1087.0,0.8,,1087.0,1
873,DEU,2026.0,Feasibility study,ALK,Grid,,H2,520.0,113043.0,88.1,,113043.0,1
874,ITA,2025.0,Feasibility study,PEM,Dedicated renewable,Others/Various,H2,20.0,3846.0,3.0,,3846.0,4
875,ITA,2025.0,Feasibility study,PEM,Dedicated renewable,Others/Various,H2,10.0,1923.0,1.5,,1923.0,4
880,AUS,2021.0,Operational,PEM,Dedicated renewable,Others/Various,H2,0.052,10.0,0.0,,10.0,3
881,CAN,2024.0,FID/Construction,ALK,Dedicated renewable,Others/Various,H2,88.0,19130.0,14.9,,19130.0,3
883,DNK,2024.0,FID/Construction,ALK,Dedicated renewable,Others/Various,Ammonia,10.0,2174.0,1.7,,2174.0,1
884,BEL,2025.0,Feasibility study,ALK,Dedicated renewable,Others/Various,CH4,75.0,16304.0,12.7,,16304.0,3
885,DEU,2025.0,Feasibility study,PEM,Dedicated renewable,Offshore wind,H2,100.0,19231.0,15.0,,19231.0,3
896,DEU,2023.0,FID/Construction,PEM,Dedicated renewable,Unknown,H2,24.0,4615.0,3.6,,4615.0,3
903,OMN,2025.0,Concept,NG w CCUS,,,H2,,449.0,0.4,,0.0,2
907,DEU,2021.0,Operational,ALK,Grid,,H2,0.5,109.0,0.1,,109.0,1
920,GBR,2030.0,Feasibility study,NG w CCUS,,,H2,,1038941.0,810.0,7290000.0,913994.0,1
921,FRA,2024.0,FID/Construction,ALK,Grid,,H2,1.0,217.0,0.2,,217.0,1
922,ESP,2026.0,Feasibility study,PEM,Dedicated renewable,Others/Various,Ammonia,,,,,,1
927,NLD,2026.0,Feasibility study,PEM,Dedicated renewable,Offshore wind,H2,100.0,19231.0,15.0,,19231.0,2
929,AUS,2025.0,FID/Construction,ALK,Dedicated renewable,Others/Various,H2,10.0,2174.0,1.7,,2174.0,3
931,ESP,2026.0,Feasibility study,ALK,Dedicated renewable,Others/Various,H2,100.0,21739.0,16.9,,21739.0,1
934,USA,2018.0,Operational,PEM,Other/Unknown,,H2,2.0,385.0,0.3,,385.0,0
936,SWE,2025.0,FID/Construction,ALK,Dedicated renewable,Hydropower,H2,800.0,173913.0,135.6,,173913.0,0
937,USA,2024.0,FID/Construction,PEM,Dedicated renewable,Hydropower,H2,120.0,23077.0,18.0,,23077.0,0
938,ESP,2023.0,Operational,ALK,Dedicated renewable,Unknown,H2,2.5,543.0,0.4,,543.0,1
940,KOR,2025.0,Feasibility study,NG w CCUS,,,H2,,320661.0,250.0,150000.0,18806.0,4
941,USA,2023.0,FID/Construction,PEM,Dedicated renewable,Solar PV,H2,25.0,4808.0,3.7,,4808.0,0
942,DEU,2025.0,Feasibility study,PEM,Grid,,H2,90.0,17308.0,13.5,,17308.0,3
943,ESP,2022.0,Operational,PEM,Dedicated renewable,Solar PV,H2,0.01333949,3.0,0.0,,3.0,1
944,KOR,2023.0,FID/Construction,SOEC,Dedicated renewable,Solar PV,H2,,,,,0.0,4
946,CHN,2022.0,Operational,Coal w CCUS,,,H2,,,,1000000.0,59845.0,3
947,CHN,2015.0,Operational,Oil w CCUS,,,MeOH,,,,100000.0,5985.0,3
949,ARE,2016.0,Operational,NG w CCUS,,,H2,,,,800000.0,100301.0,3
950,GBR,2025.0,Feasibility study,PEM,Other/Unknown,,H2,,,,,0.0,1
968,AUS,,FID/Construction,PEM,Other/Unknown,,H2,0.7,135.0,0.1,,135.0,3
970,GBR,,Concept,PEM,Other/Unknown,,H2,1000.0,192308.0,149.9,,192308.0,1
972,AUS,2018.0,Operational,PEM,Other/Unknown,,H2,0.75,144.0,0.1,,144.0,3
973,GBR,2018.0,Operational,PEM,Grid,,H2,,,,,0.0,1
979,GBR,2028.0,Feasibility study,NG w CCUS,,,H2,,192135.0,149.8,1000000.0,125376.0,1
980,GBR,2030.0,Feasibility study,NG w CCUS,,,H2,,192135.0,149.8,1000000.0,125376.0,1
981,JPN,2023.0,FID/Construction,PEM,Other/Unknown,,H2,1.4,269.0,0.2,,269.0,4
982,IDN,2028.0,Feasibility study,NG w CCUS,,,Ammonia,,161678.0,126.1,950000.0,119108.0,4
984,NOR,2025.0,Feasibility study,NG w CCUS,,,Ammonia,,230968.0,180.1,2000000.0,250753.0,2
986,BRB,2024.0,Feasibility study,PEM,Dedicated renewable,Solar PV,H2,15.0,2885.0,2.2,,2885.0,3
987,FRA,2024.0,FID/Construction,ALK,Dedicated renewable,Solar PV,H2,4.0,870.0,0.7,,870.0,1
989,CAN,2025.0,Feasibility study,NG w CCUS,,,MeOH,,556248.0,433.7,900000.0,112839.0,3
993,HUN,2023.0,Operational,PEM,Dedicated renewable,Others/Various,H2,2.0,385.0,0.3,,385.0,4
1003,DEU,2022.0,Operational,PEM,Other/Unknown,,H2,3.895131086,749.0,0.6,,749.0,3
1006,USA,2025.0,Feasibility study,ALK,Other/Unknown,,H2,839.0,182391.0,142.2,,182391.0,0
1007,MEX,2024.0,Feasibility study,PEM,Dedicated renewable,Solar PV,H2,25.0,4808.0,3.7,,4808.0,2
1011,DEU,2024.0,Feasibility study,PEM,Dedicated renewable,Onshore wind,H2,20.0,3846.0,3.0,,3846.0,3
1012,CHN,2023.0,Operational,PEM,Dedicated renewable,Unknown,H2,6.816479401,1311.0,1.0,,1311.0,3
1020,CHN,,Concept,ALK,Dedicated renewable,Onshore wind,H2,10.0,2174.0,1.7,,2174.0,3
1022,AUT,2023.0,FID/Construction,PEM,Dedicated renewable,Others/Various,H2,2.0,385.0,0.3,,385.0,3
1027,POL,2024.0,FID/Construction,PEM,Dedicated renewable,Others/Various,H2,2.5,481.0,0.4,,481.0,2
1028,SWE,2025.0,Feasibility study,ALK,Dedicated renewable,Onshore wind,MeOH,25.0,5435.0,4.2,,5435.0,0
1051,DEU,2024.0,Feasibility study,ALK,Dedicated renewable,Others/Various,CH4,139.690252,30367.0,23.7,,30367.0,1
1052,DEU,2028.0,Feasibility study,ALK,Dedicated renewable,Others/Various,CH4,232.8170867,50612.0,39.5,,50612.0,1
1063,DEU,,FID/Construction,PEM,Dedicated renewable,Others/Various,H2,2.934687805,564.0,0.4,,564.0,3
1069,DEU,2025.0,FID/Construction,PEM,Dedicated renewable,Unknown,H2,2.872659176,552.0,0.4,,552.0,3
1070,DEU,2024.0,Concept,PEM,Grid,,H2,5.303370787,1020.0,0.8,,1020.0,3
1071,DEU,2026.0,Feasibility study,PEM,Dedicated renewable,Unknown,H2,48.68913858,9363.0,7.3,,9363.0,3
1072,CHL,2025.0,Feasibility study,PEM,Dedicated renewable,Others/Various,Various,412.6904725,79364.0,61.9,,79364.0,3
1074,AUS,2023.0,FID/Construction,ALK,Other/Unknown,,H2,0.193820225,42.0,0.0,,42.0,3
1077,FIN,2024.0,FID/Construction,ALK,Dedicated renewable,Unknown,H2,20.0,4348.0,3.4,,4348.0,1
1078,ESP,2024.0,FID/Construction,ALK,Dedicated renewable,Unknown,H2,0.9,196.0,0.2,,196.0,1
1079,USA,2024.0,FID/Construction,Biomass,,,H2,,6413.0,5.0,,6413.0,0
1081,ITA,2016.0,Operational,NG w CCUS,,,H2,,1500.0,1.2,,0.0,4
1082,FIN,2014.0,Operational,ALK,Other/unknown,,H2,9.0,1957.0,1.5,,1957.0,1
1091,DEU,2023.0,FID/Construction,PEM,Other/Unknown,,H2,1.0,192.0,0.1,,192.0,3
1095,CAN,2028.0,Concept,NG w CCUS,,,H2,,384793.0,300.0,2000000.0,250753.0,3
1100,USA,2023.0,FID/Construction,NG w CCUS,,,H2,,449.0,0.4,,0.0,0
1102,ITA,2024.0,Feasibility study,ALK,Dedicated renewable,Onshore wind,H2,4.0,870.0,0.7,,870.0,4
1103,ITA,2024.0,Feasibility study,ALK,Dedicated renewable,Hydropower,H2,2.0,435.0,0.3,,435.0,4
1108,USA,2024.0,Feasibility study,ALK,Dedicated renewable,Solar PV,H2,20.0,4348.0,3.4,,4348.0,0
1110,USA,2024.0,FID/Construction,PEM,Dedicated renewable,Onshore wind,H2,273.8764045,52669.0,41.1,,52669.0,0
1119,NLD,2025.0,Feasibility study,Biomass,,,H2,,69263.0,54.0,,69263.0,2
1120,NLD,2025.0,Feasibility study,Biomass,,,H2,,16854.0,13.1,,16854.0,2
1122,NLD,2027.0,Feasibility study,NG w CCUS,,,H2,,257.0,0.2,,0.0,2
1124,CHN,2023.0,Operational,ALK,Dedicated renewable,Solar PV,H2,260.0,56522.0,44.1,,56522.0,3
1125,USA,,Concept,NG w CCUS,,,H2,,,,,0.0,0
1126,DNK,2024.0,Feasibility study,ALK,Other/Unknown,,H2,100.0,21739.0,16.9,,21739.0,1
1137,CAN,2009.0,Operational,Oil w CCUS,,,H2,,,,438000.0,26212.0,3
1139,KOR,2025.0,Feasibility study,NG w CCUS,,,H2,,128264.0,100.0,,0.0,4
1141,USA,2023.0,FID/Construction,PEM,Dedicated renewable,Solar PV,H2,7.5,1442.0,1.1,,1442.0,0
1142,ARE,,Concept,Biomass,,,H2,,,,,0.0,3
1143,PER,1965.0,Operational,ALK,Dedicated renewable,Hydropower,Ammonia,25.0,5435.0,4.2,,5435.0,2
1144,MEX,,Concept,NG w CCUS,,,H2,,,,,0.0,2
1147,DEU,2025.0,Feasibility study,PEM,Dedicated renewable,Unknown,H2,54.0,10385.0,8.1,,10385.0,3
1155,RUS,2022.0,Operational,PEM,Nuclear,,H2,1.0,192.0,0.1,,192.0,0
1158,DEU,2021.0,Operational,SOEC,Dedicated renewable,Onshore wind,MeOH,1.0,263.0,0.2,,263.0,3
1163,POL,2030.0,Feasibility study,Biomass,,,H2,,19240.0,15.0,,19240.0,2
1168,PRT,2024.0,FID/Construction,PEM,Dedicated renewable,Unknown,H2,2.0,385.0,0.3,,385.0,2
1169,PRT,2025.0,FID/Construction,PEM,Dedicated renewable,Unknown,H2,100.0,19231.0,15.0,,19231.0,2
1172,COL,2022.0,Operational,PEM,Dedicated renewable,Solar PV,H2,0.05,10.0,0.0,,10.0,3
1178,ARE,2025.0,FID/Construction,NG w CCUS,,,Ammonia,,230968.0,180.1,,0.0,3
1182,USA,2023.0,FID/Construction,PEM,Dedicated renewable,Others/Various,H2,73.03370787,14045.0,11.0,,14045.0,0
1184,FRA,2023.0,Operational,PEM,Dedicated renewable,Offshore wind,H2,1.0,192.0,0.1,,192.0,1
1187,SWE,2023.0,Operational,ALK,Grid,,H2,17.0,3696.0,2.9,,3696.0,0
1199,MEX,2025.0,Feasibility study,PEM,Dedicated renewable,Solar PV,Ammonia,69.0,13269.0,10.3,,13269.0,2
1204,NZL,2024.0,Feasibility study,NG w CCUS,,,Ammonia,,286632.0,223.5,500000.0,62688.0,2
1205,NZL,2024.0,Feasibility study,NG w CCUS,,,H2,,280899.0,219.0,500000.0,62688.0,2
1215,CHN,,FID/Construction,Biomass,,,H2,,22831.0,17.8,,22831.0,3
1218,FRA,2021.0,Operational,Biomass,,,H2,,,,,0.0,1
1222,USA,1982.0,Operational,NG w CCUS,,,Ammonia,,,,680000.0,85256.0,0
1223,IRL,2028.0,Feasibility study,NG w CCUS,,,H2,,,,2500000.0,313441.0,4
1224,GRC,,Concept,NG w CCUS,,,H2,,,,2500000.0,313441.0,1
1228,CHN,2015.0,Operational,Coal w CCUS,,,MeOH,,,,50000.0,2992.0,3
1236,CAN,2025.0,Feasibility study,NG w CCUS,,,H2,,,,380000.0,47643.0,3
1237,NOR,2030.0,Feasibility study,NG w CCUS,,,H2,,327715.0,255.5,,0.0,2
1239,USA,,Feasibility study,PEM,Dedicated renewable,Onshore wind,H2,182.5842697,35112.0,27.4,,35112.0,0
1240,USA,2000.0,Operational,PEM,Other/Unknown,,H2,3.75,721.0,0.6,,721.0,0
1241,USA,2000.0,Operational,PEM,Other/Unknown,,H2,0.5,96.0,0.1,,96.0,0
1242,USA,2022.0,FID/Construction,PEM,Other/Unknown,,H2,0.5,96.0,0.1,,96.0,0
1243,USA,2000.0,Operational,PEM,Other/Unknown,,H2,3.24,623.0,0.5,,623.0,0
1244,USA,2022.0,FID/Construction,PEM,Other/Unknown,,H2,0.72,138.0,0.1,,138.0,0
1245,USA,2000.0,Operational,PEM,Other/Unknown,,H2,1.44,277.0,0.2,,277.0,0
1246,USA,2022.0,FID/Construction,PEM,Other/Unknown,,H2,0.24,46.0,0.0,,46.0,0
1248,ESP,2026.0,Feasibility study,PEM,Dedicated renewable,Onshore wind,MeOH,5.0,962.0,0.7,,962.0,1
1258,AUS,2023.0,FID/Construction,PEM,Dedicated renewable,Solar PV,H2,0.7,135.0,0.1,,135.0,3
1261,AUS,,Feasibility study,PEM,Grid,,H2,10.0,1923.0,1.5,,1923.0,3
1265,POL,2024.0,FID/Construction,PEM,Dedicated renewable,Others/Various,H2,2.5,481.0,0.4,,481.0,2
1266,POL,2030.0,Feasibility study,PEM,Dedicated renewable,Others/Various,H2,45.0,8654.0,6.7,,8654.0,2
1269,DEU,2026.0,FID/Construction,PEM,Dedicated renewable,Offshore wind,H2,14.0,2692.0,2.1,,2692.0,3
1273,DEU,2023.0,FID/Construction,PEM,Dedicated renewable,Unknown,H2,20.0,3846.0,3.0,,3846.0,3
1274,DEU,2024.0,FID/Construction,PEM,Dedicated renewable,Unknown,H2,10.0,1923.0,1.5,,1923.0,3
1276,CHL,2025.0,Feasibility study,ALK,Grid,,H2,10.0,2174.0,1.7,,2174.0,3
1282,CHL,2021.0,Operational,PEM,Dedicated renewable,Solar PV,H2,0.004868914,1.0,0.0,,1.0,3
1287,USA,,Feasibility study,PEM,Dedicated renewable,Solar PV,H2,405.74,78027.0,60.8,,78027.0,0
1288,NOR,2023.0,Operational,ALK,Dedicated renewable,Unknown,H2,0.9,196.0,0.2,,196.0,2
1291,USA,,Concept,NG w CCUS,,,H2,,,,,0.0,0
1292,GBR,2024.0,Feasibility study,PEM,Dedicated renewable,Unknown,H2,30.0,5769.0,4.5,,5769.0,1
1293,USA,2028.0,Feasibility study,NG w CCUS,,,H2,,397619.0,310.0,,0.0,0
1294,GBR,2023.0,FID/Construction,ALK,Dedicated renewable,Unknown,H2,0.9,196.0,0.2,,196.0,1
1295,PRT,2024.0,FID/Construction,PEM,Dedicated renewable,Solar PV,H2,4.3,827.0,0.6,,827.0,2
1296,USA,,FID/Construction,ALK,Other/unknown,,H2,85.0,18478.0,14.4,,18478.0,0
1297,ESP,2025.0,Feasibility study,Biomass,,,H2,,2052.0,1.6,,2052.0,1
1301,PRT,2023.0,FID/Construction,PEM,Dedicated renewable,Solar PV,H2,0.300138525,58.0,0.0,,58.0,2
1302,PRT,,Feasibility study,PEM,Dedicated renewable,Solar PV,H2,0.933764301,180.0,0.1,,180.0,2
1303,PRT,,Feasibility study,PEM,Dedicated renewable,Solar PV,H2,0.933764301,180.0,0.1,,180.0,2
1304,PRT,2026.0,Feasibility study,PEM,Dedicated renewable,Solar PV,Various,91.0,17500.0,13.6,,17500.0,2
1305,MAR,2026.0,Feasibility study,PEM,Dedicated renewable,Solar PV,Ammonia,689.2069844,132540.0,103.3,,132540.0,4
1311,JPN,2021.0,Operational,Biomass,,,H2,,21.0,0.0,,21.0,4
1314,NOR,2022.0,Operational,ALK,Dedicated renewable,Unknown,H2,5.5,1196.0,0.9,,1196.0,2
1315,DNK,2025.0,Feasibility study,PEM,Dedicated renewable,Offshore wind,H2,1000.0,192308.0,149.9,,192308.0,1
1318,CAN,2027.0,Concept,NG w CCUS,,,Various,,230968.0,180.1,,0.0,3
1319,GBR,2028.0,Feasibility study,NG w CCUS,,,H2,,,,550000.0,68957.0,1
1323,NLD,2024.0,Feasibility study,Oil w CCUS,,,H2,,1282643.0,1000.0,1000000.0,59845.0,2
1326,FRA,2030.0,Concept,NG w CCUS,,,H2,,119382.0,93.1,650000.0,81495.0,1
1332,DEU,2021.0,Operational,PEM,Dedicated renewable,Others/Various,Synfuels,1.3,250.0,0.2,,250.0,3
1336,DEU,2025.0,Feasibility study,ALK,Dedicated renewable,Others/Various,MeOH,29.50079524,6413.0,5.0,,6413.0,1
1337,DEU,2025.0,Feasibility study,SOEC,Dedicated renewable,Others/Various,MeOH,3.0,789.0,0.6,,789.0,3
1340,AUS,2027.0,Feasibility study,NG w CCUS,,,Various,,,84.0,,0.0,3
1341,GBR,2027.0,Feasibility study,NG w CCUS,,,H2,,576404.0,449.4,,0.0,1
1344,USA,2026.0,Feasibility study,NG w CCUS,,,Various,,884900.0,689.9,5000000.0,626882.0,0
1357,KOR,2026.0,Feasibility study,NG w CCUS,,,H2,,,,400000.0,50151.0,4
1358,CAN,,Concept,NG w CCUS,,,Ammonia,,,165.0,,0.0,3
1359,FRA,2030.0,Feasibility study,NG w CCUS,,,H2,,,,1850000.0,231946.0,1
1363,PRY,2024.0,Feasibility study,ALK,Dedicated renewable,Hydropower,Ammonia,50.0,10870.0,8.5,,10870.0,2
1364,PRY,2026.0,Concept,ALK,Dedicated renewable,Hydropower,Ammonia,200.0,43478.0,33.9,,43478.0,2
1365,ISL,2026.0,Feasibility study,ALK,Dedicated renewable,Others/Various,H2,30.0,6522.0,5.1,,6522.0,4
1366,ISL,2026.0,Feasibility study,ALK,Dedicated renewable,Others/Various,H2,70.0,15217.0,11.9,,15217.0,4
1368,EGY,2024.0,Feasibility study,PEM,Dedicated renewable,Others/Various,Ammonia,100.0,19231.0,15.0,,19231.0,1
1379,USA,2024.0,Feasibility study,Biomass,,,H2,,5712.0,4.5,,5712.0,0
1384,AUS,2027.0,Feasibility study,ALK,Dedicated renewable,Solar PV,H2,372.5,80978.0,63.1,,80978.0,3
1385,AUS,,Concept,ALK,Dedicated renewable,Solar PV,H2,1117.5,242935.0,189.4,,242935.0,3
1389,USA,2024.0,FID/Construction,PEM,Dedicated renewable,Solar PV,H2,80.0,15385.0,12.0,,15385.0,0
1391,ITA,2023.0,FID/Construction,ALK,Dedicated renewable,Onshore wind,H2,4.0,870.0,0.7,,870.0,4
1401,FRA,2025.0,Feasibility study,ALK,Grid,,H2,2.0,435.0,0.3,,435.0,1
1406,GBR,2026.0,Feasibility study,PEM,Dedicated renewable,Unknown,H2,40.0,7692.0,6.0,,7692.0,1
1410,USA,2025.0,Feasibility study,PEM,Dedicated renewable,Hydropower,H2,35.0,6731.0,5.2,,6731.0,0
1411,KOR,2024.0,FID/Construction,NG w CCUS,,,H2,,2341.0,1.8,17520.0,2197.0,4
1412,AUS,,Concept,Biomass,,,H2,,,,,0.0,3
1416,GBR,2027.0,Feasibility study,NG w CCUS,,,H2,,224157.0,174.8,1200000.0,150452.0,1
1418,IND,2023.0,Operational,PEM,Grid+Renewables,Unknown,MeOH,5.0,962.0,0.7,,962.0,4
1419,USA,2027.0,Concept,NG w CCUS,,,Ammonia,,230968.0,180.1,1800000.0,225678.0,0
1420,AUS,,Feasibility study,ALK,Dedicated renewable,Others/Various,H2,45.0,9783.0,7.6,,9783.0,3
1424,AUS,2025.0,Feasibility study,NG w CCUS,,,Ammonia,,277162.0,216.0,,0.0,3
1425,AUS,,Feasibility study,NG w CCUS,,,H2,,,,,0.0,3
1426,GBR,2030.0,Feasibility study,NG w CCUS,,,H2,,243702.0,190.0,1000000.0,125376.0,1
1427,NLD,2024.0,Feasibility study,NG w CCUS,,,H2,,130000.0,101.0,500000.0,62688.0,2
1428,NLD,2024.0,Feasibility study,NG w CCUS,,,H2,,,,,0.0,2
1429,NLD,2024.0,Feasibility study,Oil w CCUS,,,H2,,,,,0.0,2
1430,NLD,,Feasibility study,NG w CCUS,,,H2,,,,800000.0,100301.0,2
1433,GBR,2030.0,Feasibility study,NG w CCUS,,,H2,,165461.0,129.0,2000000.0,250753.0,1
1439,USA,2025.0,Feasibility study,NG w CCUS,,,Ammonia,,,,104000.0,13039.0,0
1445,IND,2024.0,FID/Construction,SOEC,Dedicated renewable,Solar PV,H2,0.24,63.0,0.0,,63.0,4
1447,KOR,,Concept,SOEC,Nuclear,,H2,,,,,0.0,4
1448,IND,2023.0,Feasibility study,PEM,Dedicated renewable,Solar PV,H2,,,,,0.0,4
1449,IND,2023.0,FID/Construction,ALK,Grid+Renewables,Solar PV,H2,0.8,174.0,0.1,,174.0,4
1450,BEL,2028.0,Feasibility study,NG w CCUS,,,H2,,320225.0,249.7,1800000.0,225678.0,3
1451,CHN,2021.0,Operational,ALK,Dedicated renewable,Solar PV,H2,120.0,26087.0,20.3,,26087.0,3
1453,USA,2026.0,Feasibility study,Biomass w CCUS,,,H2,,8979.0,7.0,140000.0,8979.0,0
1456,USA,,Feasibility study,NG w CCUS,,,H2,,116667.0,91.0,,0.0,0
1457,USA,,Concept,NG w CCUS,,,Ammonia,,,,,0.0,0
1469,CHN,2024.0,FID/Construction,ALK,Dedicated renewable,Onshore wind,H2,40.0,8696.0,6.8,,8696.0,3
1473,MYS,,Feasibility study,NG w CCUS,,,Ammonia,,138580.9,108.0,,0.0,2
1475,SWE,1992.0,Operational,ALK,Nuclear,,H2,0.7,152.0,0.1,,152.0,0
1478,FRA,2023.0,FID/Construction,ALK,Grid,,H2,1.0,217.0,0.2,,217.0,1
1482,DEU,2023.0,Feasibility study,ALK,Dedicated renewable,Solar PV,H2,5.0,1087.0,1.0,,1087.0,1
1488,PRT,2025.0,Feasibility study,ALK,Dedicated renewable,Solar PV,H2,100.0,21739.0,16.9,,21739.0,2
1494,CHN,2025.0,Feasibility study,Coal w CCUS,,,H2,,,,1500000.0,89768.0,3
1498,PRT,2026.0,Feasibility study,ALK,Dedicated renewable,Unknown,Ammonia,40.0,8696.0,6.8,,8696.0,2
1511,DNK,2023.0,FID/Construction,PEM,Dedicated renewable,Solar PV,MeOH,50.0,9615.0,7.5,,9615.0,1
1522,USA,,Concept,NG w CCUS,,,H2,,,,,0.0,0
1526,ESP,2026.0,Feasibility study,PEM,Dedicated renewable,Solar PV,Ammonia,50.02308758,9620.0,7.5,,9620.0,1
1540,USA,,Concept,SOEC,Dedicated renewable,Solar PV,H2,324.9362954,85510.0,67.0,,85510.0,0
1579,USA,2029.0,Feasibility study,NG w CCUS,,,H2,,1179167.0,919.3,7000000.0,877635.0,0
1588,USA,2025.0,Feasibility study,PEM,Dedicated renewable,Unknown,H2,100.0,19231.0,15.0,,19231.0,0
1598,NOR,2029.0,Concept,SOEC,Dedicated renewable,Others/Various,Synfuels,301.5814992,79364.0,61.9,,79364.0,2
1609,COL,2022.0,Operational,PEM,Dedicated renewable,Solar PV,H2,0.022,4.0,0.0,,4.0,3
1610,USA,2023.0,FID/Construction,ALK,Other/Unknown,,H2,37.78172022,8213.0,6.0,,8213.0,0
1618,UKR,2024.0,Concept,ALK,Dedicated renewable,Others/Various,Ammonia,46.0,10000.0,7.8,,10000.0,0
1619,UKR,,Concept,SOEC,Dedicated renewable,Others/Various,Ammonia,46.0,12105.0,9.4,,12105.0,0
1620,UKR,,Concept,SOEC,Dedicated renewable,Others/Various,Ammonia,92.0,24211.0,18.9,,24211.0,0
1628,FRA,2024.0,Feasibility study,ALK,Other/Unknown,,H2,45.0,9783.0,7.6,,9783.0,1
1631,DEU,2024.0,FID/Construction,PEM,Dedicated renewable,Offshore wind,H2,4.0,769.0,0.6,,769.0,3
1632,DEU,2024.0,Feasibility study,PEM,Dedicated renewable,Offshore wind,H2,86.0,16538.0,12.9,,16538.0,3
1639,AUS,,Feasibility study,PEM,Dedicated renewable,Solar PV,H2,17.5,3365.0,2.6,,3365.0,3
1640,GBR,2027.0,Feasibility study,NG w CCUS,,,H2,,113680.0,88.6,,0.0,1
1641,GBR,2030.0,Feasibility study,NG w CCUS,,,H2,,206545.0,161.0,,0.0,1
1642,GBR,2027.0,Feasibility study,NG w CCUS,,,H2,,230562.0,179.8,1600000.0,200602.0,1
1643,DEU,,Concept,NG w CCUS,,,H2,,200000.0,155.9,,0.0,1
1646,DEU,2024.0,Concept,SOEC,Dedicated renewable,Offshore wind,Ammonia,100.0,26316.0,20.5,,26316.0,3
1678,AUS,,Feasibility study,NG w CCUS,,,H2,,21377.0,17.0,150000.0,18806.0,3
1682,USA,,Concept,NG w CCUS,,,H2,,,,1100000.0,137914.0,0
1686,GRC,2030.0,Concept,NG w CCUS,,,H2,,,,600000.0,75226.0,1
1712,USA,2025.0,FID/Construction,ALK,Other/Unknown,,H2,220.0,47826.0,37.3,,47826.0,0
1713,USA,2024.0,Feasibility study,PEM,Other/Unknown,,H2,36.52,7022.0,5.0,,7022.0,0
1714,HUN,2024.0,Feasibility study,PEM,Other/Unknown,,H2,10.0,1923.0,1.5,,1923.0,4
1718,USA,,Feasibility study,SOEC,Other/Unknown,,Ammonia,10.0,2632.0,2.1,,2632.0,0
1719,USA,,Feasibility study,ALK,Other/Unknown,,Ammonia,20.0,4348.0,3.4,,4348.0,0
1720,ESP,2024.0,FID/Construction,ALK,Dedicated renewable,Others/Various,Synfuels,10.0,2174.0,1.7,,2174.0,1
1724,VNM,2024.0,FID/Construction,ALK,Other/Unknown,,Ammonia,528.0,114787.0,89.0,,114787.0,0
1726,USA,2026.0,Feasibility study,NG w CCUS,,,Ammonia,,86613.0,68.0,450000.0,56419.0,0
1728,ESP,,Feasibility study,PEM,Dedicated renewable,Offshore wind,H2,30.0,5769.0,4.5,,5769.0,1
1729,ESP,,Feasibility study,PEM,Dedicated renewable,Offshore wind,H2,50.0,9615.0,7.5,,9615.0,1
1732,DEU,2024.0,FID/Construction,PEM,Dedicated renewable,Onshore wind,H2,2.0,385.0,0.3,,385.0,3
1736,DEU,2026.0,FID/Construction,PEM,Dedicated renewable,Unknown,H2,7.0,1346.0,1.0,,1346.0,3
1744,USA,2025.0,Feasibility study,ALK,Other/Unknown,,H2,290.0,63043.0,49.2,,63043.0,0
1748,FRA,2025.0,Concept,ALK,Dedicated renewable,Solar PV,H2,100.0,21739.0,16.9,,21739.0,1
1752,FRA,2023.0,FID/Construction,ALK,Grid,,H2,1.0,217.0,0.2,,217.0,1
1754,GBR,2025.0,Feasibility study,PEM,Other/Unknown,,H2,20.0,3846.0,3.0,,3846.0,1
1759,IND,2023.0,FID/Construction,PEM,Dedicated renewable,Unknown,H2,10.0,1923.0,1.5,,1923.0,4
1760,CHN,2024.0,Concept,ALK,Dedicated renewable,Others/Various,H2,100.0,21739.0,16.9,,21739.0,3
1762,CHN,,Concept,ALK,Dedicated renewable,Solar PV,H2,50.0,10870.0,8.5,,10870.0,3
1765,DEU,2025.0,Feasibility study,ALK,Dedicated renewable,Others/Various,H2,100.0,21739.0,16.9,,21739.0,1
1768,FRA,2023.0,Operational,PEM,Other/Unknown,,H2,2.5,481.0,0.4,,481.0,1
1777,CHN,2022.0,Operational,PEM,Dedicated renewable,Others/Various,H2,2.421917808,466.0,0.4,,466.0,3
1778,CHN,,Concept,PEM,Dedicated renewable,Onshore wind,H2,29.03926941,5584.0,4.4,,5584.0,3
1795,CHN,2024.0,FID/Construction,PEM,Dedicated renewable,Others/Various,H2,426.8636807,82089.0,64.0,,82089.0,3
1801,NOR,,Concept,NG w CCUS,,,Ammonia,,230968.0,180.1,2000000.0,250753.0,2
1802,NOR,,Concept,NG w CCUS,,,Ammonia,,230968.0,180.1,2000000.0,250753.0,2
1806,NLD,2027.0,Feasibility study,ALK,Dedicated renewable,Offshore wind,H2,200.0,43478.0,33.9,,43478.0,2
1808,BRA,2023.0,FID/Construction,ALK,Dedicated renewable,Onshore wind,Ammonia,60.0,13043.0,10.2,,13043.0,3
1809,BRA,2025.0,Feasibility study,ALK,Dedicated renewable,Onshore wind,Ammonia,180.0,39130.0,30.5,,39130.0,3
1810,PER,,Feasibility study,PEM,Dedicated renewable,Unknown,H2,133.8951311,25749.0,20.0,,25749.0,2
1815,DEU,2026.0,Feasibility study,PEM,Dedicated renewable,Offshore wind,Synfuels,62.29525228,11980.0,9.3,,11980.0,3
1819,AUS,2023.0,FID/Construction,PEM,Other/Unknown,,H2,2.434456929,468.0,0.0,,468.0,3
1828,CAN,2023.0,FID/Construction,PEM,Dedicated renewable,Unknown,H2,5.0,962.0,0.7,,962.0,3
1829,BEL,2025.0,Feasibility study,PEM,Dedicated renewable,Unknown,H2,100.0,19231.0,15.0,,19231.0,3
1835,FRA,2023.0,Feasibility study,PEM,Dedicated renewable,Others/Various,CH4,1.0,192.0,0.1,,192.0,1
1848,IND,2026.0,Concept,ALK,Dedicated renewable,Others/Various,Ammonia,1300.0,282609.0,220.3,,282609.0,4
1861,BRA,2022.0,Operational,PEM,Dedicated renewable,Solar PV,H2,3.0,577.0,0.4,,577.0,3
1862,DEU,,Feasibility study,SOEC,Dedicated renewable,Unknown,Ammonia,700.0,184211.0,143.6,,184211.0,3
1871,NOR,2023.0,FID/Construction,PEM,Dedicated renewable,Unknown,H2,4.5,865.0,0.7,,865.0,2
1872,ARE,,Concept,NG w CCUS,,,H2,,,,,0.0,3
1873,ESP,2024.0,FID/Construction,PEM,Dedicated renewable,Solar PV,H2,5.0,962.0,0.7,,962.0,1
1875,COL,2026.0,Feasibility study,PEM,Dedicated renewable,Unknown,H2,60.0,11538.0,9.0,,11538.0,3
1876,COL,2026.0,Feasibility study,PEM,Dedicated renewable,Unknown,H2,60.0,11538.0,9.0,,11538.0,3
1886,DEU,2026.0,Feasibility study,PEM,Grid,,MeOH,70.0,13462.0,10.5,,13462.0,3
1892,USA,2026.0,Feasibility study,PEM,Dedicated renewable,Others/Various,Synfuels,1800.0,346154.0,269.9,,346154.0,0
1896,KOR,,Feasibility study,PEM,Dedicated renewable,Onshore wind,H2,1.0,192.0,0.1,,192.0,4
1898,CAN,2024.0,FID/Construction,PEM,Dedicated renewable,Hydropower,H2,20.0,3846.0,3.0,,3846.0,3
1903,USA,2026.0,FID/Construction,NG w CCUS,,,Ammonia,,323355.0,252.1,2000000.0,250753.0,0
1908,ARE,,Concept,NG w CCUS,,,H2,,64132.0,50.0,,0.0,3
1909,ARE,,Concept,NG w CCUS,,,H2,,192396.0,150.0,,0.0,3
1912,AUS,,Concept,Biomass,,,Ammonia,,23097.0,18.0,,23097.0,3
1913,AUS,2028.0,Concept,NG w CCUS,,,Ammonia,,230968.0,180.1,,0.0,3
1927,GBR,2030.0,Concept,PEM,Dedicated renewable,Unknown,H2,270.0,51923.0,40.5,,51923.0,1
1932,USA,2027.0,Feasibility study,NG w CCUS,,,Ammonia,,323355.0,252.0,,0.0,0
1938,FRA,2024.0,FID/Construction,ALK,Dedicated renewable,Unknown,H2,1.75,380.0,0.3,,380.0,1
1940,CHN,2024.0,FID/Construction,ALK,Other/Unknown,Unknown,H2,22.54,4900.0,3.8,,4900.0,3
1943,ESP,2024.0,FID/Construction,PEM,Dedicated renewable,Solar PV,H2,1.0,192.0,0.1,,192.0,1
1947,JPN,2025.0,FID/Construction,NG w CCUS,,,Ammonia,,,1.0,,0.0,4
1948,JPN,2030.0,Concept,NG w CCUS,,,Ammonia,,,,,0.0,4
1949,FRA,2025.0,FID/Construction,NG w CCUS,,,H2,,,20.0,110000.0,13791.0,1
1956,USA,2008.0,Operational,PEM,Other/Unknown,,H2,15.82397004,3043.0,2.0,,3043.0,0
1957,USA,2021.0,Operational,PEM,Other/Unknown,,H2,8.520599251,1639.0,1.0,,1639.0,0
1958,USA,2023.0,FID/Construction,PEM,Other/Unknown,,H2,21.35488534,4107.0,3.0,,4107.0,0
1970,IND,2023.0,Operational,PEM,Grid+Renewables,Unknown,H2,0.0065,1.0,0.0,,1.0,4
1971,IND,2023.0,FID/Construction,ALK,Grid+Renewables,Unknown,H2,1.6,348.0,0.3,,348.0,4
1972,DEU,2025.0,FID/Construction,ALK,Dedicated renewable,Hydropower,H2,4.248114514,924.0,1.0,,924.0,1
1975,FRA,2024.0,FID/Construction,PEM,Other/Unknown,,H2,1.0,192.0,0.1,,192.0,1
1977,NLD,2025.0,Feasibility study,Biomass,,,H2,,169.0,0.13,,169.0,2
1986,USA,2023.0,Operational,PEM,Nuclear,,H2,1.0,192.0,0.1,,192.0,0
2000,IDN,2028.0,Concept,SOEC,Nuclear,,H2,1000.0,263158.0,205.2,,263158.0,4
2007,AUS,2024.0,FID/Construction,PEM,Dedicated renewable,Solar PV,H2,10.0,1923.0,1.5,,1923.0,3
2008,AUS,2028.0,Concept,ALK,Dedicated renewable,Others/Various,H2,300.0,65217.0,50.8,,65217.0,3
2009,AUS,2028.0,Concept,ALK,Dedicated renewable,Others/Various,H2,300.0,65217.0,50.8,,65217.0,3
2010,ITA,2025.0,Feasibility study,PEM,Dedicated renewable,Others/Various,H2,25.0,4808.0,3.7,,4808.0,4
2011,NZL,,Feasibility study,ALK,Dedicated renewable,Others/Various,H2,600.0,130435.0,101.7,,130435.0,2
2015,FIN,2030.0,Feasibility study,PEM,Grid,,Ammonia,1000.0,192308.0,149.9,,192308.0,1
2016,FIN,2030.0,Feasibility study,PEM,Grid,,H2,1000.0,192308.0,149.9,,192308.0,1
2017,FIN,2030.0,Feasibility study,PEM,Grid,,H2,200.0,38462.0,30.0,,38462.0,1
2030,ARG,,Feasibility study,PEM,Dedicated renewable,Onshore wind,H2,334.7,64373.0,50.0,,64373.0,3
2038,AUS,,Feasibility study,NG w CCUS,,,Ammonia,,57742.0,45.0,,0.0,3
2039,AUS,,Concept,NG w CCUS,,,Ammonia,,127032.0,99.0,,0.0,3
2055,CAN,2024.0,Feasibility study,NG w CCUS,,,Ammonia,1000.0,230968.0,180.0,,0.0,3
2060,PRT,2029.0,Concept,ALK,Dedicated renewable,Unknown,MeOH,500.0,108696.0,84.7,,108696.0,2
2063,POL,2024.0,FID/Construction,PEM,Other/Unknown,,H2,5.0,962.0,0.7,,962.0,2
2065,IND,2023.0,FID/Construction,ALK,Dedicated renewable,Solar PV,H2,1.0,217.0,0.2,,217.0,4
2066,BEL,2030.0,Feasibility study,Oil w CCUS,,,H2,,,,,0.0,3
2067,CHN,2025.0,Feasibility study,Oil w CCUS,,,H2,,,,1500000.0,89768.0,3
2068,DEU,2029.0,Concept,NG w CCUS,,,H2,,320225.0,249.7,1800000.0,225678.0,1
2069,FIN,2025.0,Feasibility study,NG w CCUS,,,H2,,,,,0.0,1
2070,GBR,2030.0,Feasibility study,NG w CCUS,,,H2,,,,550000.0,68957.0,1
2071,GBR,2027.0,Concept,NG w CCUS,,,H2,,336236.0,262.0,1800000.0,225678.0,1
2074,IDN,,Feasibility study,NG w CCUS,,,H2,,,,,0.0,4
2075,IND,,Concept,Coal w CCUS,,,H2,,,,,0.0,4
2076,IND,2026.0,Feasibility study,NG w CCUS,,,H2,,,,350000.0,43882.0,4
2077,ITA,2028.0,Feasibility study,NG w CCUS,,,H2,,30000.0,23.4,200000.0,25075.0,4
2078,NLD,2026.0,Feasibility study,NG w CCUS,,,Ammonia,,,,800000.0,100301.0,2
2079,OMN,,Concept,NG w CCUS,,,Ammonia,,295062.0,230.0,,0.0,2
2080,USA,2027.0,Concept,NG w CCUS,,,Ammonia,,300259.0,234.0,,0.0,0
2081,USA,,Feasibility study,NG w CCUS,,,Ammonia,,,,500000.0,62688.0,0
2082,USA,2026.0,FID/Construction,NG w CCUS,,,H2,,254065.0,198.0,2200000.0,275828.0,0
2083,USA,,Concept,NG w CCUS,,,Ammonia,,,,500000.0,62688.0,0
2084,USA,2028.0,Concept,NG w CCUS,,,Ammonia,,1662971.0,1297.0,12000000.0,1504517.0,0
2085,USA,2026.0,FID/Construction,NG w CCUS,,,Ammonia,,138581.0,108.0,450000.0,56419.0,0
2086,USA,,Feasibility study,NG w CCUS,,,Ammonia,,92387.0,72.0,250000.0,31344.0,0
2087,USA,2026.0,Concept,NG w CCUS,,,H2,,,,100000.0,12538.0,0
2088,USA,2030.0,Feasibility study,NG w CCUS,,,Ammonia,,,,,0.0,0
2089,USA,,Concept,NG w CCUS,,,Ammonia,,,,1000000.0,125376.0,0
2090,USA,,Feasibility study,NG w CCUS,,,H2,,,,,0.0,0
2091,USA,,Feasibility study,NG w CCUS,,,H2,,,,1400000.0,175527.0,0
2092,USA,,Feasibility study,NG w CCUS,,,H2,,,,1660000.0,208125.0,0
2093,USA,,Feasibility study,NG w CCUS,,,H2,,,,,0.0,0
2094,USA,,Feasibility study,NG w CCUS,,,H2,,,,,0.0,0
2096,PRY,2025.0,Feasibility study,ALK,Dedicated renewable,Unknown,Ammonia,120.0,26087.0,20.3,,26087.0,2
2102,USA,2023.0,FID/Construction,ALK,Dedicated renewable,Unknown,H2,,,,,0.0,0
2104,USA,,Concept,SOEC,Dedicated renewable,Unknown,Ammonia,650.0,171053.0,133.4,,171053.0,0
2105,DEU,2023.0,FID/Construction,ALK,Dedicated renewable,Solar PV,H2,5.0,1087.0,0.8,,1087.0,1
2110,MEX,,Concept,PEM,Dedicated renewable,Solar PV,Ammonia,274.0,52692.0,41.1,,52692.0,2
2132,KOR,2030.0,Concept,NG w CCUS,,,H2,,10261.0,8.0,,0.0,4
2133,SGP,2024.0,Feasibility study,ALK,Other/Unknown,Unknown,H2,9.0,1957.0,2.0,,1957.0,0
2151,ESP,2026.0,Feasibility study,ALK,Grid+Renewables,Onshore wind,H2,30.0,6522.0,5.1,,6522.0,1
2152,ESP,,Concept,ALK,Grid+Renewables,Onshore wind,H2,170.0,36957.0,28.8,,36957.0,1
2159,CAN,2027.0,Feasibility study,NG w CCUS,,,H2,,,,,0.0,3
2160,USA,2028.0,Feasibility study,NG w CCUS,,,Ammonia,,300259.0,234.0,,0.0,0
2175,CHN,,FID/Construction,PEM,Dedicated renewable,Others/Various,H2,666.9745011,128264.0,100.0,,128264.0,3
2178,ITA,,Concept,NG w CCUS,,,H2,,10005.0,8.0,0.0,0.0,4
2182,ESP,2025.0,Concept,ALK,Dedicated renewable,Solar PV,H2,100.0,21739.0,16.9,,21739.0,1
2184,ROU,,Feasibility study,PEM,Dedicated renewable,Onshore wind,H2,10.0,1923.0,1.5,,1923.0,2
2189,NOR,,Concept,ALK,Other/Unknown,,MeOH,819.811573,178220.0,139.0,,178220.0,2
2195,USA,2025.0,Concept,ALK,Other/Unknown,,H2,135.0,29348.0,22.9,,29348.0,0
2202,USA,2027.0,Feasibility study,NG w CCUS,,,Ammonia,,337214.0,263.0,,0.0,0
2204,MEX,2028.0,Concept,ALK,Dedicated renewable,Others/Various,Ammonia,160.0,34783.0,27.1,,34783.0,2
2205,MEX,2028.0,Concept,PEM,Dedicated renewable,Others/Various,Ammonia,40.0,7692.0,6.0,,7692.0,2
2208,DEU,2024.0,Feasibility study,ALK,Dedicated renewable,Others/Various,H2,10.0,2174.0,1.7,,2174.0,1
2212,ESP,2026.0,Feasibility study,Biomass,,,MeOH,,10798.0,8.0,,10798.0,1
2216,IRL,,Feasibility study,Biomass,,,H2,,,,,0.0,4
2219,NLD,2028.0,Feasibility study,NG w CCUS,,,H2,,384793.0,300.0,,0.0,2
2223,USA,2028.0,Concept,NG w CCUS,,,Ammonia,,505820.0,394.0,2870000.0,359830.0,0
2236,IND,2025.0,Feasibility study,ALK,Dedicated renewable,Unknown,H2,12.0,2609.0,2.0,,2609.0,4
2237,JPN,2030.0,Concept,Biomass w CCUS,,,H2,,7803.0,6.0,,7803.0,4
2241,SWE,,Feasibility study,Biomass w CCUS,,,H2,,17102.0,13.0,,17102.0,0
2246,ESP,2026.0,Feasibility study,ALK,Grid,,H2,150.0,32609.0,25.4,,32609.0,1
2251,ESP,2026.0,Feasibility study,ALK,Grid+Renewables,Solar PV,H2,30.0,6522.0,5.1,,6522.0,1
2256,ESP,2024.0,Feasibility study,Biomass,,,H2,,2280.0,2.0,,2280.0,1
2270,KOR,,Concept,Biomass,,,H2,,,,,0.0,4
2273,EST,,Concept,Biomass,,,H2,,,,,0.0,1
2274,FRA,,Concept,Biomass,,,H2,,321.0,0.0,,321.0,1
2275,KOR,2026.0,Concept,SOEC,Nuclear,,H2,0.0,,,,0.0,4
2288,CHN,2023.0,Operational,ALK,Dedicated renewable,Solar PV,H2,69.0,15000.0,11.7,,15000.0,3
2289,USA,2024.0,FID/Construction,PEM,Dedicated renewable,Unknown,Synfuels,0.8,160.0,0.0,,160.0,0
2293,CHN,2023.0,FID/Construction,NG w CCUS,,,H2,,70000.0,54.6,,0.0,3
2298,FRA,2028.0,Feasibility study,PEM,Grid,,H2,300.0,57692.0,45.0,,57692.0,1
2309,FRA,2024.0,FID/Construction,ALK,Grid,,H2,1.0,217.0,0.2,,217.0,1
2310,FRA,2025.0,Feasibility study,ALK,Grid,,H2,2.0,435.0,0.3,,435.0,1
2311,FRA,2025.0,Feasibility study,ALK,Grid,,H2,2.0,435.0,0.3,,435.0,1
2312,FRA,2025.0,Feasibility study,ALK,Grid,,H2,2.0,435.0,0.3,,435.0,1
2313,FRA,2025.0,Feasibility study,ALK,Grid,,H2,2.0,435.0,0.3,,435.0,1
2314,FRA,2025.0,Feasibility study,ALK,Grid,,H2,2.0,435.0,0.3,,435.0,1
2315,FRA,2027.0,Feasibility study,ALK,Grid,,H2,85.0,18478.0,14.4,,18478.0,1
2317,GBR,2026.0,Feasibility study,ALK,Dedicated renewable,Unknown,H2,5.0,1087.0,0.8,,1087.0,1
2319,ITA,2027.0,Concept,Biomass,,,H2,,2100.0,1.6,,2100.0,4
2320,GBR,2030.0,Feasibility study,NG w CCUS,,,H2,,192135.0,149.8,,0.0,1
2322,NOR,2030.0,Feasibility study,NG w CCUS,,,H2,,640449.0,499.3,3600000.0,451355.0,2
2323,PRT,,Feasibility study,PEM,Grid+Renewables,Solar PV,H2,4.0,769.0,0.6,,769.0,2
2327,ITA,2026.0,FID/Construction,ALK,Dedicated renewable,Solar PV,H2,2.5,543.0,0.4,,543.0,4
2328,DEU,2026.0,Concept,PEM,Dedicated renewable,Hydropower,H2,50.0,9615.0,7.5,,9615.0,3
2338,CAN,,Feasibility study,NG w CCUS,,,H2,,487565.0,380.1,3000000.0,376129.0,3
2339,COL,,FID/Construction,Biomass w CCUS,,,Various,,47.0,,,47.0,3
2340,COL,2026.0,Concept,ALK,Dedicated renewable,Solar PV,Ammonia,30.0,6522.0,5.1,,6522.0,3
2341,COL,2023.0,FID/Construction,ALK,Dedicated renewable,Hydropower,Ammonia,2.3,500.0,0.4,,500.0,3
2342,COL,2025.0,FID/Construction,ALK,Dedicated renewable,Hydropower,Various,5.0,1087.0,0.8,,1087.0,3
2343,COL,2025.0,Feasibility study,ALK,Grid,,Ammonia,1.0,217.0,0.2,,217.0,3
2344,COL,2026.0,Concept,PEM,Dedicated renewable,Others/Various,Various,3000.0,576923.0,449.8,,576923.0,3
2347,COL,2026.0,Concept,PEM,Dedicated renewable,Solar PV,H2,2.0,385.0,0.3,,385.0,3
2348,COL,2027.0,Concept,PEM,Dedicated renewable,Solar PV,Various,1106.3832,212766.0,165.9,,212766.0,3
2349,COL,2027.0,Feasibility study,PEM,Dedicated renewable,Solar PV,Various,40.0,7692.0,6.0,,7692.0,3
2350,COL,2027.0,Concept,PEM,Dedicated renewable,Offshore wind,Various,1217.0236,234043.0,182.5,,234043.0,3
2351,COL,2024.0,Feasibility study,PEM,Dedicated renewable,Solar PV,H2,1.2,231.0,0.2,,231.0,3
2352,COL,2027.0,Feasibility study,ALK,Grid,,Ammonia,1000.0,217391.0,169.5,,217391.0,3
2353,COL,2023.0,Operational,PEM,Dedicated renewable,Solar PV,H2,0.165,32.0,0.0,,32.0,3
2379,COL,2030.0,Concept,PEM,Grid,,Ammonia,120.0,23077.0,18.0,,23077.0,3
2386,FRA,2027.0,FID/Construction,ALK,Grid,,H2,2.0,435.0,0.3,,435.0,1
2387,FRA,2025.0,FID/Construction,ALK,Grid,,H2,1.0,217.0,0.2,,217.0,1
2399,FRA,2030.0,Concept,PEM,Dedicated renewable,Solar PV,H2,10.0,1923.0,1.5,,1923.0,1
2402,FRA,2023.0,FID/Construction,Biomass,,,H2,,157.0,0.0,,157.0,1
2417,AUT,2025.0,Concept,PEM,Other/Unknown,Hydropower,H2,1.0,192.0,0.1,,192.0,3
2418,AUT,2023.0,Operational,PEM,Dedicated renewable,Others/Various,CH4,2.0,385.0,0.3,,385.0,3
2419,AUT,2024.0,Concept,SOEC,Grid,,H2,1.0,263.0,0.2,,263.0,3
2420,AUT,2017.0,Operational,ALK,Dedicated renewable,Solar PV,H2,0.35,76.0,0.1,,76.0,3
2421,AUT,2020.0,Operational,SOEC,Grid+Renewables,Hydropower,H2,0.15,39.0,0.0,,39.0,3
2423,EST,2030.0,Concept,PEM,Grid+Renewables,Unknown,H2,24.0,4615.0,3.6,,4615.0,1
2424,EST,2024.0,Feasibility study,ALK,Dedicated renewable,Solar PV,H2,0.21,46.0,0.036,,46.0,1
2426,FIN,2025.0,Feasibility study,ALK,Dedicated renewable,Others/Various,Various,200.0,43478.0,33.9,,43478.0,1
2440,ROU,2025.0,Feasibility study,ALK,Grid,,H2,5.0,1087.0,0.8,,1087.0,2
2442,PRT,2024.0,FID/Construction,PEM,Dedicated renewable,Solar PV,H2,4.0,769.0,0.6,,769.0,2
2443,PRT,2025.0,Feasibility study,PEM,Grid,,H2,6.6,1269.0,1.0,,1269.0,2
2445,IND,2023.0,FID/Construction,PEM,Grid+Renewables,Unknown,H2,0.34,65.0,0.1,,65.0,4
2446,IND,2023.0,FID/Construction,PEM,Dedicated renewable,Solar PV,H2,1.0,192.0,0.1,,192.0,4
2448,USA,,Feasibility study,Biomass w CCUS,,,H2,,26936.0,21.0,450000.0,26936.0,0
2449,USA,2026.0,Feasibility study,Biomass w CCUS,,,H2,,,,,0.0,0
2450,EST,2030.0,Concept,PEM,Grid+Renewables,Unknown,H2,24.0,4615.0,3.6,,4615.0,1
2455,IND,2025.0,Feasibility study,Biomass,,,H2,,520.0,0.41,,520.0,4
2465,IND,2026.0,Feasibility study,Biomass,,,H2,,74906.0,58.0,,74906.0,4
2466,IND,2024.0,Concept,ALK,Dedicated renewable,Unknown,H2,1475.0,320661.0,250.0,,320661.0,4
2474,IND,2025.0,Feasibility study,PEM,Dedicated renewable,Unknown,H2,0.0,75.0,0.06,,75.0,4
2478,IND,2026.0,Feasibility study,Biomass,,,H2,,1152.0,0.9,,1152.0,4
2480,IND,2030.0,Concept,PEM,Dedicated renewable,Unknown,H2,7303.0,1404494.0,1095.0,,1404494.0,4
2484,IND,2024.0,FID/Construction,Biomass,,,H2,,2850.0,2.0,,2850.0,4
2488,IND,2025.0,Feasibility study,SOEC,Dedicated renewable,Unknown,H2,0.0,2.0,0.0,,2.0,4
2489,IND,2026.0,Feasibility study,Biomass,,,H2,,52.0,0.04,,52.0,4
2500,CHN,,Feasibility study,ALK,Dedicated renewable,Others/Various,H2,270.0,58696.0,45.8,,58696.0,3
2503,CHE,2023.0,Operational,ALK,Dedicated renewable,Solar PV,CH4,0.5,109.0,0.1,,109.0,3
2524,DEU,2026.0,Feasibility study,PEM,Dedicated renewable,Offshore wind,H2,200.0,38462.0,30.0,,38462.0,3
2525,DEU,2028.0,Feasibility study,PEM,Dedicated renewable,Offshore wind,H2,300.0,57692.0,45.0,,57692.0,3
2539,IND,2030.0,Concept,Biomass,,,H2,,499.0,0.39,,499.0,4
2550,NOR,2023.0,FID/Construction,PEM,Dedicated renewable,Offshore wind,Ammonia,1.0,192.0,0.1,,192.0,2
2552,USA,2027.0,Feasibility study,NG w CCUS,,,Ammonia,,230968.0,180.0,,0.0,0
