Ref,Country,Date online,Status,Technology,Technology_electricity,Technology_electricity_details,Product,Capacity_MWel,Capacity_Nm³ H₂/h,Capacity_kt H2/y,Capacity_t CO₂ captured/y,zero-carbon estimated normalized capacity [Nm³ H₂/hour]
6,NOR,2026,FID/Construction,SOEC,Dedicated renewable,Others/Various,Synfuels,50.26358319,13227,10.3,,13227
7,NOR,2026,Feasibility study,SOEC,Dedicated renewable,Others/Various,Synfuels,50.26358319,13227,10.3,,13227
8,SWE,2021,Operational,ALK,Grid,,H2,4.5,978,0.8,,978
9,SWE,2025,FID/Construction,ALK,Grid,,H2,500,108696,84.7,,108696
10,ESP,2022,Operational,PEM,Dedicated renewable,Solar PV,Ammonia,20,3846,3,,3846
11,ESP,2022,Operational,PEM,Dedicated renewable,Solar PV,H2,2.5,481,0.4,,481
17,CHE,2020,Operational,PEM,Dedicated renewable,Hydropower,H2,2,385,0.3,,385
18,DEU,2021,Operational,ALK,Grid,,H2,2,435,0.3,,435
19,DEU,2020,Operational,PEM,Dedicated renewable,Hydropower,H2,1.3,250,0.2,,250
20,DEU,2020,Operational,PEM,Dedicated renewable,Onshore wind,H2,1.125,216,0.2,,216
22,GBR,2019,Operational,PEM,Dedicated renewable,Onshore wind,H2,1,192,0.1,,192
23,DEU,2020,Operational,ALK,Dedicated renewable,Hydropower,H2,1.3,283,0.2,,283
24,DEU,2020,Operational,SOEC,Grid,,H2,0.7,200,0.2,,200
27,JPN,2020,Operational,PEM,Grid,,H2,0.0052,1,0,,1
28,JPN,2020,Operational,PEM,Grid,,H2,0.0052,1,0,,1
29,JPN,2020,Operational,PEM,Grid,,H2,0.0052,1,0,,1
30,AUT,2019,Operational,PEM,Grid,,H2,6,1154,0.9,,1154
31,CHN,2019,Operational,PEM,Dedicated renewable,Unknown,H2,4,769,0.6,,769
33,CAN,2019,Operational,PEM,Grid,,H2,2.5,481,0.4,,481
36,DEU,2019,Operational,PEM,Grid,,MeOH,1,192,0.1,,192
37,DEU,2020,Operational,PEM,Dedicated renewable,Onshore wind,H2,1,192,0.1,,192
38,EST,2019,Operational,ALK,Other/unknown,,H2,1,217,0.2,,217
40,EST,2019,Operational,PEM,Other/unknown,,H2,0.728,140,0.1,,140
41,FRA,2019,Operational,ALK,Grid,,H2,0.5,109,0.1,,109
42,GBR,2020,Operational,PEM,Grid,,H2,0.5,96,0.1,,96
43,CAN,2019,Operational,ALK,Other/unknown,,H2,0.5,109,0.1,,109
44,FRA,2019,Operational,PEM,Grid,,H2,0.75,144,0.1,,144
46,CHE,2019,Operational,PEM,Grid,,CH4,0.35,67,0.1,,67
49,MYS,2019,Operational,ALK,Other/unknown,,H2,0.276,60,0,,60
50,SWE,2019,Operational,ALK,Dedicated renewable,Solar PV,H2,0.276,60,0,,60
52,DEU,2019,Operational,PEM,Grid,,H2,0.2,38,0,,38
54,AUS,2019,Operational,PEM,Grid,,H2,0.15,29,0,,29
62,SGP,2019,Operational,PEM,Other/unknown,,H2,0.0052,1,0,,1
63,DEU,2018,Operational,PEM,Grid,,CH4,1,192,0.1,,192
64,JPN,2019,Operational,PEM,Other/unknown,,H2,1.5,288,0.2,,288
68,DEU,2019,Operational,PEM,Dedicated renewable,Onshore wind,H2,2.4,450,0.4,,450
69,DEU,2018,Operational,ALK,Grid,,Various,2,435,0.3,,435
70,USA,2018,Operational,PEM,Other/unknown,,H2,1.5,288,0.2,,288
71,DNK,2020,Operational,PEM,Dedicated renewable,Onshore wind,H2,1.5,288,0.2,,288
72,GBR,2018,Operational,ALK,Other/unknown,,H2,1,217,0.2,,217
73,THA,2018,Operational,PEM,Other/unknown,,H2,1,192,0.1,,192
74,DEU,2020,Operational,PEM,Other/unknown,,H2,0.8,154,0.1,,154
75,NOR,2017,Operational,ALK,Dedicated renewable,Solar PV,H2,0.7,152,0.1,,152
76,AUT,2018,Operational,ALK,Dedicated renewable,Solar PV,CH4,0.6,130,0.1,,130
77,GBR,2017,Operational,PEM,Dedicated renewable,Onshore wind,H2,0.7,135,0.1,,135
80,DEU,2018,Operational,PEM,Dedicated renewable,Onshore wind,H2,0.225,43,0,,43
82,ITA,2018,Operational,PEM,Grid,,CH4,0.2,38,0,,38
83,FRA,2018,Operational,PEM,Other/unknown,,H2,0.1924,37,0,,37
87,DEU,2018,Operational,PEM,Other/unknown,,CH4,0.05,10,0,,10
88,ESP,2018,Operational,SOEC,Other/unknown,,CH4,0.03344,9,0,,9
89,ITA,2018,Operational,SOEC,Other/unknown,,H2,0.038,10,0,,10
90,JPN,2018,Operational,PEM,Other/unknown,,H2,0.025,5,0,,5
92,DEU,2018,Operational,ALK,Grid,,CH4,0.0184,4,0,,4
93,JPN,2018,Operational,PEM,Other/unknown,,H2,0.0052,1,0,,1
94,JPN,2018,Operational,PEM,Other/unknown,,H2,0.0052,1,0,,1
96,SWE,2018,Operational,PEM,Other/unknown,,H2,,,,,0
97,GBR,2035,Concept,NG w CCUS,,,H2,,3890730,3033.4,15000000,1880647
111,GBR,2026,Feasibility study,NG w CCUS,,,H2,,115438,90,810000,101555
115,DEU,2017,Operational,ALK,Other/unknown,,H2,0.0625,14,0,,14
119,FRA,2017,Operational,PEM,Other/unknown,,H2,0.0468,9,0,,9
121,JPN,2017,Operational,PEM,Other/unknown,,H2,0.0052,1,0,,1
122,JPN,2017,Operational,PEM,Other/unknown,,H2,0.0052,1,0,,1
123,JPN,2017,Operational,PEM,Other/unknown,,H2,0.0052,1,0,,1
124,CRI,2017,Operational,PEM,Dedicated renewable,Others/Various,H2,0.0052,1,0,,1
127,DEU,2016,Operational,PEM,Grid,,H2,1.25,240,0.2,,240
130,DEU,2024,Feasibility study,PEM,Other/unknown,,H2,120,23077,18,,23077
134,DEU,2016,Operational,PEM,Other/unknown,,H2,0.2,38,0,,38
135,DEU,2016,Operational,PEM,Grid,,H2,0.185,36,0,,36
138,NOR,2016,Operational,PEM,Other/unknown,,H2,0.0104,2,0,,2
139,JPN,2016,Operational,PEM,Grid,,H2,0.0052,1,0,,1
140,JPN,2016,Operational,PEM,Grid,,H2,0.0052,1,0,,1
142,DEU,2015,Operational,PEM,Dedicated renewable,Onshore wind,H2,1.5,288,0.2,,288
143,DEU,2015,Operational,ALK,Dedicated renewable,Onshore wind,H2,1,217,0.2,,217
146,DNK,2015,Operational,ALK,Other/unknown,,CH4,0.5,109,0.1,,109
147,CAN,2015,Operational,ALK,Other/unknown,,H2,0.276,60,0,,60
148,BEL,2015,Operational,ALK,Dedicated renewable,Onshore wind,H2,0.3,65,0.1,,65
151,DEU,2015,Operational,PEM,Grid,,H2,0.15,29,0,,29
163,DEU,2015,Operational,PEM,Grid,,H2,0.02,4,0,,4
169,ITA,2014,Operational,ALK,Other/unknown,,H2,1.5,326,0.3,,326
173,DEU,2014,Operational,ALK,Dedicated renewable,Onshore wind,H2,0.5,109,0.1,,109
178,DEU,2026,Feasibility study,ALK,Dedicated renewable,Others/Various,H2,30,6522,5.1,,6522
198,DEU,2014,Operational,PEM,Other/unknown,,H2,0.0208,4,0,,4
200,DEU,2013,Operational,ALK,Grid,,CH4,6.3,1370,1.1,,1370
201,DNK,2013,Operational,ALK,Grid,,H2,0.43071161,94,0.1,,94
202,DEU,2013,Operational,ALK,Dedicated renewable,Onshore wind,H2,2,435,0.3,,435
203,DEU,2013,Operational,PEM,Other/unknown,,H2,1,192,0.1,,192
204,NOR,2013,Operational,ALK,Other/unknown,,H2,0.6,130,0.1,,130
205,DNK,2023,FID/Construction,ALK,Grid,,H2,20,4348,3.4,,4348
207,DEU,2013,Operational,PEM,Grid,,CH4,0.26,50,0,,50
211,AUS,2013,Operational,ALK,Other/unknown,,H2,0.2,43,0,,43
213,DEU,2013,Operational,PEM,Grid,,CH4,0.18,35,0,,35
221,DEU,2013,Operational,PEM,Dedicated renewable,Solar PV,H2,0.04,8,0,,8
222,IND,2005,Operational,ALK,Other/Unknown,,H2,,,,,0
225,DEU,2021,Operational,PEM,Grid,,H2,10,1923,1.5,,1923
227,DEU,2017,Operational,PEM,Grid,,H2,5,962,0.7,,962
235,DEU,2012,Operational,ALK,Other/unknown,,H2,0.165,36,0,,36
236,DEU,2012,Operational,ALK,Other/unknown,,H2,0.14,30,0,,30
239,DEU,2012,Operational,ALK,Other/unknown,,H2,0.12,26,0,,26
246,GBR,2012,Operational,ALK,Other/unknown,,H2,0.03,7,0,,7
254,DEU,2011,Operational,ALK,Other/unknown,,H2,0.6,120,0.1,,120
258,DEU,2011,Operational,ALK,Other/unknown,,H2,0.5,120,0.1,,120
259,DEU,2011,Operational,ALK,Other/unknown,,H2,0.3,65,0.1,,65
270,CAN,2011,Operational,ALK,Other/unknown,,H2,0.1242,27,0,,27
279,NLD,2011,Operational,PEM,Other/unknown,,H2,0.01,2,0,,2
282,CAN,2010,Operational,ALK,Other/unknown,,H2,0.3,65,0.1,,65
286,DNK,2010,Operational,ALK,Other/unknown,,H2,0.0874,19,0,,19
299,DNK,2010,Operational,ALK,Other/unknown,,H2,,,,,0
302,IND,2012,Operational,PEM,Other/unknown,,H2,0.0104,2,0,,2
303,ARG,2009,Operational,ALK,Dedicated renewable,Onshore wind,H2,0.828,180,0.1,,180
306,TUR,2009,Operational,ALK,Other/unknown,,H2,0.16,30,0,,30
312,DEU,2009,Operational,ALK,Grid,,H2,0.006,1,0,,1
333,GBR,2008,Operational,ALK,Other/unknown,,H2,0.046,10,0,,10
405,IND,2014,Operational,ALK,Other/unknown,,H2,2.0424,444,0.3,,444
427,GBR,2004,Operational,ALK,Other/unknown,,H2,0.034,7,0,,7
437,DEU,2017,Operational,PEM,Dedicated renewable,Onshore wind,H2,6,1154,0.9,,1154
449,ITA,2016,Operational,ALK,Other/unknown,,H2,1.2,261,0.2,,261
472,FRA,2017,Operational,ALK,Other/unknown,,H2,0.138,30,0,,30
477,CHN,2017,Operational,ALK,Other/unknown,,H2,0.092,20,0,,20
491,LBN,2018,Operational,ALK,Other/unknown,,H2,0.114,25,0,,25
492,FRA,2018,Operational,ALK,Other/unknown,,H2,0.0552,12,0,,12
494,NOR,2000,Operational,ALK,Grid,,H2,0.05,11,0,,11
499,GRC,2021,Operational,ALK,Dedicated renewable,Hydropower,H2,0.025,5,0,,5
500,ESP,2023,Operational,ALK,Dedicated renewable,Others/Various,H2,0.08,17,0,,17
502,BEL,2021,Operational,PEM,Other/unknown,,H2,1,192,0.1,,192
505,DNK,2013,Operational,ALK,Grid,,H2,0.43071161,94,0.1,,94
506,DNK,2013,Operational,ALK,Grid,,H2,0.43071161,94,0.1,,94
507,DNK,2013,Operational,ALK,Grid,,H2,1.292134831,281,0.2,,281
517,NLD,2021,Operational,PEM,Dedicated renewable,Solar PV,H2,1,192,0.1,,192
518,NOR,2021,Operational,PEM,Dedicated renewable,Onshore wind,H2,2.5,481,0.4,,481
530,DNK,2022,Operational,ALK,Dedicated renewable,Offshore wind,H2,2,435,0.3,,435
533,DNK,2020,Operational,ALK,Grid,,H2,0.25,54,0,,54
538,NOR,,Feasibility study,ALK,Dedicated renewable,Hydropower,H2,2,435,0.3,,435
539,NOR,2013,Operational,Biomass,,,H2,,10,0,,10
540,NOR,2024,Feasibility study,ALK,Dedicated renewable,Others/Various,H2,45,9783,7.6,,9783
543,GBR,2028,Feasibility study,NG w CCUS,,,H2,,64045,49.9,400000,50151
548,NOR,2023,FID/Construction,PEM,Grid,,Ammonia,24,4615,3.6,,4615
558,GBR,2005,Operational,ALK,Other/unknown,,H2,0.015,3,0,,3
559,GBR,2021,Operational,PEM,Dedicated renewable,Others/Various,H2,3,577,0.4,,577
562,GBR,2028,Feasibility study,NG w CCUS,,,H2,,192135,149.8,1000000,125376
566,GBR,2024,FID/Construction,PEM,Dedicated renewable,Solar PV,H2,20,3846,3,,3846
571,USA,2024,FID/Construction,ALK,Dedicated renewable,Unknown,Ammonia,20,4348,3.4,,4348
572,USA,2024,Feasibility study,PEM,Dedicated renewable,Unknown,H2,5,962,0.7,,962
573,DEU,2028,Feasibility study,ALK,Dedicated renewable,Others/Various,H2,670,145652,113.6,,145652
574,DEU,2023,FID/Construction,ALK,Dedicated renewable,Offshore wind,H2,10,2174,1.7,,2174
575,DEU,,Feasibility study,PEM,Other/unknown,,CH4,50,9615,7.5,,9615
577,SWE,2024,FID/Construction,PEM,Dedicated renewable,Onshore wind,MeOH,70,12270,9.6,,12270
582,ITA,2030,Concept,PEM,Dedicated renewable,Others/Various,H2,,0,0,,0
584,AUS,2028,Feasibility study,PEM,Dedicated renewable,Solar PV,H2,5000,961538,749.7,,961538
585,SAU,2026,FID/Construction,ALK,Dedicated renewable,Others/Various,Ammonia,2000,434783,339,,434783
594,CRI,2025,Feasibility study,PEM,Dedicated renewable,Others/Various,H2,1,192,0.1,,192
603,CHN,2021,Operational,ALK,Dedicated renewable,Solar PV,H2,30,6522,5.1,,6522
609,NLD,2026,Feasibility study,PEM,Dedicated renewable,Onshore wind,H2,50,9615,7.5,,9615
615,FRA,2021,Operational,ALK,Dedicated renewable,Unknown,H2,0.75,163,0.1,,163
618,ESP,2024,Feasibility study,PEM,Dedicated renewable,Offshore wind,H2,20,3846,3,,3846
620,PRT,,Feasibility study,PEM,Dedicated renewable,Others/Various,Synfuels,68.52477751,13178,10.3,,13178
623,DEU,2022,Operational,PEM,Dedicated renewable,Others/Various,H2,8.8,1692,1.3,,1692
624,DEU,,Concept,PEM,Dedicated renewable,Others/Various,H2,26.67898004,5131,4,,5131
625,ESP,2023,FID/Construction,ALK,Grid,,H2,2.5,543,0.4,,543
634,SGP,2019,Operational,PEM,Grid,,H2,0.0052,1,0,,1
637,NLD,2023,Operational,SOEC,Dedicated renewable,Unknown,H2,2.5,658,0.5,,658
641,CHE,2022,Operational,PEM,Other/Unknown,,CH4,2.5,481,0.4,,481
643,AUS,,Concept,PEM,Other/unknown,,H2,2,385,0.3,,385
645,FRA,2023,Operational,ALK,Grid,,H2,2,435,0.3,,435
689,NLD,2024,Feasibility study,PEM,Dedicated renewable,Offshore wind,H2,1.25,240,0.2,,240
701,CHN,2020,Operational,ALK,Dedicated renewable,Solar PV,MeOH,4.6,1000,0.8,,1000
704,FRA,2021,Operational,ALK,Grid,,H2,1,217,0.2,,217
706,USA,2013,Operational,Oil w CCUS,,,Ammonia,,,,900000,53861
707,USA,2013,Operational,NG w CCUS,,,Ammonia,,,,250000,31344
708,USA,2013,Operational,NG w CCUS,,,H2,,151000,117.7,900000,112839
710,FRA,2015,Operational,NG w CCUS,,,H2,,50000,39,100000,12538
711,CAN,2015,Operational,NG w CCUS,,,H2,,,300,1100000,137914
718,CAN,2020,Operational,PEM,Dedicated renewable,Hydropower,H2,20,3846,3,,3846
720,CAN,2025,FID/Construction,NG w CCUS,,,H2,,179570,140,770000,96540
721,CHN,2020,Operational,ALK,Dedicated renewable,Onshore wind,H2,9.3,2013,1.6,,2013
725,AUT,2022,Operational,ALK,Grid,,H2,3.1,674,0.5,,674
726,ZAF,2022,Operational,ALK,Dedicated renewable,Others/Various,H2,3.5,761,0.6,,761
727,CHL,2023,Operational,PEM,Dedicated renewable,Solar PV,H2,0.6,115,0.1,,
728,DEU,2020,Operational,PEM,Dedicated renewable,Others/Various,H2,2.5,500,0.4,,500
730,DEU,2021,Operational,PEM,Dedicated renewable,Onshore wind,H2,2.5,481,0.4,,481
732,CHN,2019,Operational,ALK,Dedicated renewable,Onshore wind,H2,4,870,0.7,,870
733,ARE,2021,Operational,PEM,Dedicated renewable,Solar PV,H2,1.25,240,0.2,,240
734,AUS,2021,Operational,PEM,Dedicated renewable,Others/Various,H2,1.25,240,0.2,,240
735,USA,2021,Operational,PEM,Other/Unknown,,H2,1,192,0.1,,192
738,AUS,2022,Operational,PEM,Other/Unknown,,H2,0.22,42,0,,42
744,CAN,2020,Operational,Oil w CCUS,,,H2,,,,1300000,77799
745,CAN,2020,Operational,NG w CCUS,,,Ammonia,,,,300000,37613
751,FRA,2024,FID/Construction,ALK,Dedicated renewable,Unknown,H2,1.5,326,0.3,,326
754,CHN,,FID/Construction,ALK,Dedicated renewable,Onshore wind,H2,147.5039762,32066,25,,32066
764,NLD,2022,Operational,ALK,Dedicated renewable,Solar PV,H2,1.4,304,0.2,,304
769,USA,2022,Operational,Biomass,,,H2,,4682,3.7,,4682
770,CHL,2022,Operational,PEM,Dedicated renewable,Onshore wind,Synfuels,1,192,0.1,,192
771,NLD,2025,FID/Construction,ALK,Dedicated renewable,Offshore wind,H2,200,43478,33.9,,43478
772,AUS,2023,FID/Construction,PEM,Dedicated renewable,Others/Various,H2,1,192,0.1,,192
773,ESP,2022,Operational,PEM,Grid,,H2,2.5,481,0.4,,481
775,ESP,2015,Operational,ALK,Dedicated renewable,Solar PV,H2,0.06,13,0,,13
778,DEU,2026,FID/Construction,PEM,Dedicated renewable,Others/Various,H2,53,10192,7.9,,10192
779,USA,2024,FID/Construction,Biomass,,,H2,,5618,4.4,,5618
784,USA,2023,FID/Construction,PEM,Grid,,H2,5,962,0.7,,962
785,CHN,2021,Operational,PEM,Dedicated renewable,Others/Various,H2,2,385,0.3,,385
786,NLD,2024,Feasibility study,PEM,Dedicated renewable,Others/Various,H2,5,962,0.7,,962
787,NLD,2024,Feasibility study,PEM,Dedicated renewable,Onshore wind,H2,2.5,481,0.4,,481
788,CHN,2022,Operational,PEM,Dedicated renewable,Others/Various,H2,9.837873891,1892,1.5,,1892
790,NZL,2021,Operational,PEM,Dedicated renewable,Others/Various,H2,1.5,250,0.2,,250
794,AUS,2030,Feasibility study,Coal w CCUS,,,H2,,360487,281.1,4390000,262722
795,NLD,2027,Feasibility study,NG w CCUS,,,H2,,128264,100,1300000,162989
796,SWE,2026,Feasibility study,NG w CCUS,,,H2,,,,600000,75226
798,AUS,2023,FID/Construction,PEM,Other/Unknown,,H2,0.175,34,0,,34
799,AUS,2021,Operational,PEM,Grid,,H2,0.2,38,0,,38
800,NLD,2024,Feasibility study,PEM,Dedicated renewable,Others/Various,H2,10,1923,1.5,,1923
803,CHN,2023,Feasibility study,Coal w CCUS,,,H2,,,,300000,17954
804,AUS,2023,FID/Construction,Biomass,,,H2,,128,0.1,,128
805,PRY,2024,Feasibility study,ALK,Dedicated renewable,Others/Various,H2,310,67391,52.5,,67391
807,FRA,2025,FID/Construction,PEM,Grid,,H2,200,38462,30,,38462
808,FRA,2026,Feasibility study,ALK,Grid,,H2,200,43478,33.9,,43478
809,AUS,2026,Feasibility study,ALK,Dedicated renewable,Others/Various,H2,55,11957,9.3,,11957
811,DEU,2025,FID/Construction,ALK,Dedicated renewable,Onshore wind,H2,30,6522,5.1,,6522
812,NLD,2026,Feasibility study,ALK,Dedicated renewable,Offshore wind,Various,20,4348,3.4,,4348
813,AUT,2024,FID/Construction,PEM,Other/Unknown,,H2,10,1923,1.5,,1923
815,USA,2027,Feasibility study,Oil w CCUS,,,MeOH,,,,4200000,251351
818,NLD,2026,Feasibility study,ALK,Dedicated renewable,Offshore wind,Synfuels,40,8696,6.8,,8696
821,FRA,2029,Feasibility study,ALK,Grid,,H2,300,65217,50.8,,65217
823,NLD,2027,Feasibility study,NG w CCUS,,,H2,,,,1300000,162989
825,USA,2025,Feasibility study,Oil w CCUS,,,H2,,157303,122.6,1650000,98745
828,NLD,,Feasibility study,Biomass,,,H2,,,,,0
833,ESP,2026,Feasibility study,ALK,Grid,Others/Various,H2,100,21739,16.9,,21739
836,USA,2023,Operational,Biomass,,,H2,,562,0.4,,562
843,NLD,2030,Feasibility study,ALK,Dedicated renewable,Offshore wind,MeOH,40,8696,6.8,,8696
851,CHN,2022,Operational,ALK,Dedicated renewable,Onshore wind,H2,20,4348,3.4,,4348
861,NLD,2030,Feasibility study,NG w CCUS,,,H2,,256529,200,1300000,162989
862,BEL,2024,Feasibility study,ALK,Other/Unknown,,H2,0.75,163,0.1,,163
871,JPN,2020,Operational,PEM,Grid,,H2,0.0052,1,0,,1
872,GBR,2024,FID/Construction,ALK,Dedicated renewable,Others/Various,H2,5,1087,0.8,,1087
873,DEU,2026,Feasibility study,ALK,Grid,,H2,520,113043,88.1,,113043
874,ITA,2025,Feasibility study,PEM,Dedicated renewable,Others/Various,H2,20,3846,3,,3846
875,ITA,2025,Feasibility study,PEM,Dedicated renewable,Others/Various,H2,10,1923,1.5,,1923
880,AUS,2021,Operational,PEM,Dedicated renewable,Others/Various,H2,0.052,10,0,,10
881,CAN,2024,FID/Construction,ALK,Dedicated renewable,Others/Various,H2,88,19130,14.9,,19130
883,DNK,2024,FID/Construction,ALK,Dedicated renewable,Others/Various,Ammonia,10,2174,1.7,,2174
884,BEL,2025,Feasibility study,ALK,Dedicated renewable,Others/Various,CH4,75,16304,12.7,,16304
885,DEU,2025,Feasibility study,PEM,Dedicated renewable,Offshore wind,H2,100,19231,15,,19231
896,DEU,2023,FID/Construction,PEM,Dedicated renewable,Unknown,H2,24,4615,3.6,,4615
903,OMN,2025,Concept,NG w CCUS,,,H2,,449,0.4,,0
907,DEU,2021,Operational,ALK,Grid,N/A,H2,0.5,109,0.1,,109
920,GBR,2030,Feasibility study,NG w CCUS,,,H2,,1038941,810,7290000,913994
921,FRA,2024,FID/Construction,ALK,Grid,,H2,1,217,0.2,,217
922,ESP,2026,Feasibility study,PEM,Dedicated renewable,Others/Various,Ammonia,,,,,
927,NLD,2026,Feasibility study,PEM,Dedicated renewable,Offshore wind,H2,100,19231,15,,19231
929,AUS,2025,FID/Construction,ALK,Dedicated renewable,Others/Various,H2,10,2174,1.7,,2174
931,ESP,2026,Feasibility study,ALK,Dedicated renewable,Others/Various,H2,100,21739,16.9,,21739
934,USA,2018,Operational,PEM,Other/Unknown,,H2,2,385,0.3,,385
936,SWE,2025,FID/Construction,ALK,Dedicated renewable,Hydropower,H2,800,173913,135.6,,173913
937,USA,2024,FID/Construction,PEM,Dedicated renewable,Hydropower,H2,120,23077,18,,23077
938,ESP,2023,Operational,ALK,Dedicated renewable,Unknown,H2,2.5,543,0.4,,543
940,KOR,2025,Feasibility study,NG w CCUS,,,H2,,320661,250,150000,18806
941,USA,2023,FID/Construction,PEM,Dedicated renewable,Solar PV,H2,25,4808,3.7,,4808
942,DEU,2025,Feasibility study,PEM,Grid,,H2,90,17308,13.5,,17308
943,ESP,2022,Operational,PEM,Dedicated renewable,Solar PV,H2,0.01333949,3,0,,3
944,KOR,2023,FID/Construction,SOEC,Dedicated renewable,Solar PV,H2,,,,,0
946,CHN,2022,Operational,Coal w CCUS,N/A,N/A,H2,,,,1000000,59845
947,CHN,2015,Operational,Oil w CCUS,N/A,N/A,MeOH,,,,100000,5985
949,ARE,2016,Operational,NG w CCUS,N/A,N/A,H2,,,,800000,100301
950,GBR,2025,Feasibility study,PEM,Other/Unknown,,H2,,,,,0
968,AUS,,FID/Construction,PEM,Other/Unknown,,H2,0.7,135,0.1,,135
970,GBR,,Concept,PEM,Other/Unknown,,H2,1000,192308,149.9,,192308
972,AUS,2018,Operational,PEM,Other/Unknown,,H2,0.75,144,0.1,,144
973,GBR,2018,Operational,PEM,Grid,N/A,H2,,,,,0
979,GBR,2028,Feasibility study,NG w CCUS,,,H2,,192135,149.8,1000000,125376
980,GBR,2030,Feasibility study,NG w CCUS,,,H2,,192135,149.8,1000000,125376
981,JPN,2023,FID/Construction,PEM,Other/Unknown,,H2,1.4,269,0.2,,269
982,IDN,2028,Feasibility study,NG w CCUS,,,Ammonia,,161678,126.1,950000,119108
984,NOR,2025,Feasibility study,NG w CCUS,,,Ammonia,,230968,180.1,2000000,250753
986,BRB,2024,Feasibility study,PEM,Dedicated renewable,Solar PV,H2,15,2885,2.2,,2885
987,FRA,2024,FID/Construction,ALK,Dedicated renewable,Solar PV,H2,4,870,0.7,,870
989,CAN,2025,Feasibility study,NG w CCUS,,,MeOH,,556248,433.7,900000,112839
993,HUN,2023,Operational,PEM,Dedicated renewable,Others/Various,H2,2,385,0.3,,385
1003,DEU,2022,Operational,PEM,Other/Unknown,,H2,3.895131086,749,0.6,,749
1006,USA,2025,Feasibility study,ALK,Other/Unknown,,H2,839,182391,142.2,,182391
1007,MEX,2024,Feasibility study,PEM,Dedicated renewable,Solar PV,H2,25,4808,3.7,,4808
1011,DEU,2024,Feasibility study,PEM,Dedicated renewable,Onshore wind,H2,20,3846,3,,3846
1012,CHN,2023,Operational,PEM,Dedicated renewable,Unknown,H2,6.816479401,1311,1,,1311
1020,CHN,,Concept,ALK,Dedicated renewable,Onshore wind,H2,10,2174,1.7,,2174
1022,AUT,2023,FID/Construction,PEM,Dedicated renewable,Others/Various,H2,2,385,0.3,,385
1027,POL,2024,FID/Construction,PEM,Dedicated renewable,Others/Various,H2,2.5,481,0.4,,481
1028,SWE,2025,Feasibility study,ALK,Dedicated renewable,Onshore wind,MeOH,25,5435,4.2,,5435
1051,DEU,2024,Feasibility study,ALK,Dedicated renewable,Others/Various,CH4,139.690252,30367,23.7,,30367
1052,DEU,2028,Feasibility study,ALK,Dedicated renewable,Others/Various,CH4,232.8170867,50612,39.5,,50612
1063,DEU,,FID/Construction,PEM,Dedicated renewable,Others/Various,H2,2.934687805,564,0.4,,564
1069,DEU,2025,FID/Construction,PEM,Dedicated renewable,Unknown,H2,2.872659176,552,0.4,,552
1070,DEU,2024,Concept,PEM,Grid,N/A,H2,5.303370787,1020,0.8,,1020
1071,DEU,2026,Feasibility study,PEM,Dedicated renewable,Unknown,H2,48.68913858,9363,7.3,,9363
1072,CHL,2025,Feasibility study,PEM,Dedicated renewable,Others/Various,Various,412.6904725,79364,61.9,,79364
1074,AUS,2023,FID/Construction,ALK,Other/Unknown,,H2,0.193820225,42,0,,42
1077,FIN,2024,FID/Construction,ALK,Dedicated renewable,Unknown,H2,20,4348,3.4,,4348
1078,ESP,2024,FID/Construction,ALK,Dedicated renewable,Unknown,H2,0.9,196,0.2,,196
1079,USA,2024,FID/Construction,Biomass,,,H2,,6413,5,,6413
1081,ITA,2016,Operational,NG w CCUS,,,H2,,1500,1.2,,0
1082,FIN,2014,Operational,ALK,Other/unknown,,H2,9,1957,1.5,,1957
1091,DEU,2023,FID/Construction,PEM,Other/Unknown,,H2,1,192,0.1,,192
1095,CAN,2028,Concept,NG w CCUS,,,H2,,384793,300,2000000,250753
1100,USA,2023,FID/Construction,NG w CCUS,,,H2,,449,0.4,,0
1102,ITA,2024,Feasibility study,ALK,Dedicated renewable,Onshore wind,H2,4,870,0.7,,870
1103,ITA,2024,Feasibility study,ALK,Dedicated renewable,Hydropower,H2,2,435,0.3,,435
1108,USA,2024,Feasibility study,ALK,Dedicated renewable,Solar PV,H2,20,4348,3.4,,4348
1110,USA,2024,FID/Construction,PEM,Dedicated renewable,Onshore wind,H2,273.8764045,52669,41.1,,52669
1119,NLD,2025,Feasibility study,Biomass,,,H2,,69263,54,,69263
1120,NLD,2025,Feasibility study,Biomass,,,H2,,16854,13.1,,16854
1122,NLD,2027,Feasibility study,NG w CCUS,,,H2,,257,0.2,,0
1124,CHN,2023,Operational,ALK,Dedicated renewable,Solar PV,H2,260,56522,44.1,,56522
1125,USA,,Concept,NG w CCUS,N/A,N/A,H2,,,,,0
1126,DNK,2024,Feasibility study,ALK,Other/Unknown,,H2,100,21739,16.9,,21739
1137,CAN,2009,Operational,Oil w CCUS,,,H2,,,,438000,26212
1139,KOR,2025,Feasibility study,NG w CCUS,,,H2,,128264,100,,0
1141,USA,2023,FID/Construction,PEM,Dedicated renewable,Solar PV,H2,7.5,1442,1.1,,1442
1142,ARE,,Concept,Biomass,,,H2,,,,,0
1143,PER,1965,Operational,ALK,Dedicated renewable,Hydropower,Ammonia,25,5435,4.2,,5435
1144,MEX,,Concept,NG w CCUS,,,H2,,,,,0
1147,DEU,2025,Feasibility study,PEM,Dedicated renewable,Unknown,H2,54,10385,8.1,,10385
1155,RUS,2022,Operational,PEM,Nuclear,,H2,1,192,0.1,,192
1158,DEU,2021,Operational,SOEC,Dedicated renewable,Onshore wind,MeOH,1,263,0.2,,263
1163,POL,2030,Feasibility study,Biomass,,,H2,,19240,15,,19240
1168,PRT,2024,FID/Construction,PEM,Dedicated renewable,Unknown,H2,2,385,0.3,,385
1169,PRT,2025,FID/Construction,PEM,Dedicated renewable,Unknown,H2,100,19231,15,,19231
1172,COL,2022,Operational,PEM,Dedicated renewable,Solar PV,H2,0.05,10,0,,10
1178,ARE,2025,FID/Construction,NG w CCUS,N/A,N/A,Ammonia,,230968,180.1,,0
1182,USA,2023,FID/Construction,PEM,Dedicated renewable,Others/Various,H2,73.03370787,14045,11,,14045
1184,FRA,2023,Operational,PEM,Dedicated renewable,Offshore wind,H2,1,192,0.1,,192
1187,SWE,2023,Operational,ALK,Grid,,H2,17,3696,2.9,,3696
1199,MEX,2025,Feasibility study,PEM,Dedicated renewable,Solar PV,Ammonia,69,13269,10.3,,13269
1204,NZL,2024,Feasibility study,NG w CCUS,,,Ammonia,,286632,223.5,500000,62688
1205,NZL,2024,Feasibility study,NG w CCUS,,,H2,,280899,219,500000,62688
1215,CHN,,FID/Construction,Biomass,,,H2,,22831,17.8,,22831
1218,FRA,2021,Operational,Biomass,,,H2,,,,,0
1222,USA,1982,Operational,NG w CCUS,,,Ammonia,,,,680000,85256
1223,IRL,2028,Feasibility study,NG w CCUS,,,H2,,,,2500000,313441
1224,GRC,,Concept,NG w CCUS,,,H2,,,,2500000,313441
1228,CHN,2015,Operational,Coal w CCUS,,,MeOH,,,,50000,2992
1236,CAN,2025,Feasibility study,NG w CCUS,,,H2,,,,380000,47643
1237,NOR,2030,Feasibility study,NG w CCUS,,,H2,,327715,255.5,,0
1239,USA,,Feasibility study,PEM,Dedicated renewable,Onshore wind,H2,182.5842697,35112,27.4,,35112
1240,USA,2000,Operational,PEM,Other/Unknown,,H2,3.75,721,0.6,,721
1241,USA,2000,Operational,PEM,Other/Unknown,,H2,0.5,96,0.1,,96
1242,USA,2022,FID/Construction,PEM,Other/Unknown,,H2,0.5,96,0.1,,96
1243,USA,2000,Operational,PEM,Other/Unknown,,H2,3.24,623,0.5,,623
1244,USA,2022,FID/Construction,PEM,Other/Unknown,,H2,0.72,138,0.1,,138
1245,USA,2000,Operational,PEM,Other/Unknown,,H2,1.44,277,0.2,,277
1246,USA,2022,FID/Construction,PEM,Other/Unknown,,H2,0.24,46,0,,46
1248,ESP,2026,Feasibility study,PEM,Dedicated renewable,Onshore wind,MeOH,5,962,0.7,,962
1258,AUS,2023,FID/Construction,PEM,Dedicated renewable,Solar PV,H2,0.7,135,0.1,,135
1261,AUS,,Feasibility study,PEM,Grid,,H2,10,1923,1.5,,1923
1265,POL,2024,FID/Construction,PEM,Dedicated renewable,Others/Various,H2,2.5,481,0.4,,481
1266,POL,2030,Feasibility study,PEM,Dedicated renewable,Others/Various,H2,45,8654,6.7,,8654
1269,DEU,2026,FID/Construction,PEM,Dedicated renewable,Offshore wind,H2,14,2692,2.1,,2692
1273,DEU,2023,FID/Construction,PEM,Dedicated renewable,Unknown,H2,20,3846,3,,3846
1274,DEU,2024,FID/Construction,PEM,Dedicated renewable,Unknown,H2,10,1923,1.5,,1923
1276,CHL,2025,Feasibility study,ALK,Grid,,H2,10,2174,1.7,,2174
1282,CHL,2021,Operational,PEM,Dedicated renewable,Solar PV,H2,0.004868914,1,0,,1
1287,USA,,Feasibility study,PEM,Dedicated renewable,Solar PV,H2,405.74,78027,60.8,,78027
1288,NOR,2023,Operational,ALK,Dedicated renewable,Unknown,H2,0.9,196,0.2,,196
1291,USA,,Concept,NG w CCUS,,,H2,,,,,0
1292,GBR,2024,Feasibility study,PEM,Dedicated renewable,Unknown,H2,30,5769,4.5,,5769
1293,USA,2028,Feasibility study,NG w CCUS,,,H2,,397619,310,,0
1294,GBR,2023,FID/Construction,ALK,Dedicated renewable,Unknown,H2,0.9,196,0.2,,196
1295,PRT,2024,FID/Construction,PEM,Dedicated renewable,Solar PV,H2,4.3,827,0.6,,827
1296,USA,,FID/Construction,ALK,Other/unknown,,H2,85,18478,14.4,,18478
1297,ESP,2025,Feasibility study,Biomass,,,H2,,2052,1.6,,2052
1301,PRT,2023,FID/Construction,PEM,Dedicated renewable,Solar PV,H2,0.300138525,58,0,,58
1302,PRT,,Feasibility study,PEM,Dedicated renewable,Solar PV,H2,0.933764301,180,0.1,,180
1303,PRT,,Feasibility study,PEM,Dedicated renewable,Solar PV,H2,0.933764301,180,0.1,,180
1304,PRT,2026,Feasibility study,PEM,Dedicated renewable,Solar PV,Various,91,17500,13.6,,17500
1305,MAR,2026,Feasibility study,PEM,Dedicated renewable,Solar PV,Ammonia,689.2069844,132540,103.3,,132540
1311,JPN,2021,Operational,Biomass,,,H2,,21,0,,21
1314,NOR,2022,Operational,ALK,Dedicated renewable,Unknown,H2,5.5,1196,0.9,,1196
1315,DNK,2025,Feasibility study,PEM,Dedicated renewable,Offshore wind,H2,1000,192308,149.9,,192308
1318,CAN,2027,Concept,NG w CCUS,,,Various,,230968,180.1,,0
1319,GBR,2028,Feasibility study,NG w CCUS,,,H2,,,,550000,68957
1323,NLD,2024,Feasibility study,Oil w CCUS,,,H2,,1282643,1000,1000000,59845
1326,FRA,2030,Concept,NG w CCUS,,,H2,,119382,93.1,650000,81495
1332,DEU,2021,Operational,PEM,Dedicated renewable,Others/Various,Synfuels,1.3,250,0.2,,250
1336,DEU,2025,Feasibility study,ALK,Dedicated renewable,Others/Various,MeOH,29.50079524,6413,5,,6413
1337,DEU,2025,Feasibility study,SOEC,Dedicated renewable,Others/Various,MeOH,3,789,0.6,,789
1340,AUS,2027,Feasibility study,NG w CCUS,,,Various,,,84,,0
1341,GBR,2027,Feasibility study,NG w CCUS,,,H2,,576404,449.4,,0
1344,USA,2026,Feasibility study,NG w CCUS,,,Various,,884900,689.9,5000000,626882
1357,KOR,2026,Feasibility study,NG w CCUS,,,H2,,,,400000,50151
1358,CAN,,Concept,NG w CCUS,,,Ammonia,,,165,,0
1359,FRA,2030,Feasibility study,NG w CCUS,,,H2,,,,1850000,231946
1363,PRY,2024,Feasibility study,ALK,Dedicated renewable,Hydropower,Ammonia,50,10870,8.5,,10870
1364,PRY,2026,Concept,ALK,Dedicated renewable,Hydropower,Ammonia,200,43478,33.9,,43478
1365,ISL,2026,Feasibility study,ALK,Dedicated renewable,Others/Various,H2,30,6522,5.1,,6522
1366,ISL,2026,Feasibility study,ALK,Dedicated renewable,Others/Various,H2,70,15217,11.9,,15217
1368,EGY,2024,Feasibility study,PEM,Dedicated renewable,Others/Various,Ammonia,100,19231,15,,19231
1379,USA,2024,Feasibility study,Biomass,,,H2,,5712,4.5,,5712
1384,AUS,2027,Feasibility study,ALK,Dedicated renewable,Solar PV,H2,372.5,80978,63.1,,80978
1385,AUS,,Concept,ALK,Dedicated renewable,Solar PV,H2,1117.5,242935,189.4,,242935
1389,USA,2024,FID/Construction,PEM,Dedicated renewable,Solar PV,H2,80,15385,12,,15385
1391,ITA,2023,FID/Construction,ALK,Dedicated renewable,Onshore wind,H2,4,870,0.7,,870
1401,FRA,2025,Feasibility study,ALK,Grid,,H2,2,435,0.3,,435
1406,GBR,2026,Feasibility study,PEM,Dedicated renewable,Unknown,H2,40,7692,6,,7692
1410,USA,2025,Feasibility study,PEM,Dedicated renewable,Hydropower,H2,35,6731,5.2,,6731
1411,KOR,2024,FID/Construction,NG w CCUS,,,H2,,2341,1.8,17520,2197
1412,AUS,,Concept,Biomass,,,H2,,,,,0
1416,GBR,2027,Feasibility study,NG w CCUS,,,H2,,224157,174.8,1200000,150452
1418,IND,2023,Operational,PEM,Grid+Renewables,Unknown,MeOH,5,962,0.7,,962
1419,USA,2027,Concept,NG w CCUS,,,Ammonia,,230968,180.1,1800000,225678
1420,AUS,,Feasibility study,ALK,Dedicated renewable,Others/Various,H2,45,9783,7.6,,9783
1424,AUS,2025,Feasibility study,NG w CCUS,,,Ammonia,,277162,216,,0
1425,AUS,,Feasibility study,NG w CCUS,,,H2,,,,,0
1426,GBR,2030,Feasibility study,NG w CCUS,,,H2,,243702,190,1000000,125376
1427,NLD,2024,Feasibility study,NG w CCUS,,,H2,,130000,101,500000,62688
1428,NLD,2024,Feasibility study,NG w CCUS,,,H2,,,,,0
1429,NLD,2024,Feasibility study,Oil w CCUS,,,H2,,,,,0
1430,NLD,,Feasibility study,NG w CCUS,,,H2,,,,800000,100301
1433,GBR,2030,Feasibility study,NG w CCUS,,,H2,,165461,129,2000000,250753
1439,USA,2025,Feasibility study,NG w CCUS,,,Ammonia,,,,104000,13039
1445,IND,2024,FID/Construction,SOEC,Dedicated renewable,Solar PV,H2,0.24,63,0,,63
1447,KOR,,Concept,SOEC,Nuclear,,H2,,,,,0
1448,IND,2023,Feasibility study,PEM,Dedicated renewable,Solar PV,H2,,,,,0
1449,IND,2023,FID/Construction,ALK,Grid+Renewables,Solar PV,H2,0.8,174,0.1,,174
1450,BEL,2028,Feasibility study,NG w CCUS,,,H2,,320225,249.7,1800000,225678
1451,CHN,2021,Operational,ALK,Dedicated renewable,Solar PV,H2,120,26087,20.3,,26087
1453,USA,2026,Feasibility study,Biomass w CCUS,,,H2,,8979,7,140000,8979
1456,USA,,Feasibility study,NG w CCUS,,,H2,,116667,91,,0
1457,USA,,Concept,NG w CCUS,N/A,N/A,Ammonia,,,,,0
1469,CHN,2024,FID/Construction,ALK,Dedicated renewable,Onshore wind,H2,40,8696,6.8,,8696
1473,MYS,,Feasibility study,NG w CCUS,,,Ammonia,,138580.9,108,,0
1475,SWE,1992,Operational,ALK,Nuclear,,H2,0.7,152,0.1,,152
1478,FRA,2023,FID/Construction,ALK,Grid,,H2,1,217,0.2,,217
1482,DEU,2023,Feasibility study,ALK,Dedicated renewable,Solar PV,H2,5,1087,1,,1087
1488,PRT,2025,Feasibility study,ALK,Dedicated renewable,Solar PV,H2,100,21739,16.9,,21739
1494,CHN,2025,Feasibility study,Coal w CCUS,,,H2,,,,1500000,89768
1498,PRT,2026,Feasibility study,ALK,Dedicated renewable,Unknown,Ammonia,40,8696,6.8,,8696
1511,DNK,2023,FID/Construction,PEM,Dedicated renewable,Solar PV,MeOH,50,9615,7.5,,9615
1522,USA,,Concept,NG w CCUS,N/A,N/A,H2,,,,,0
1526,ESP,2026,Feasibility study,PEM,Dedicated renewable,Solar PV,Ammonia,50.02308758,9620,7.5,,9620
1540,USA,,Concept,SOEC,Dedicated renewable,Solar PV,H2,324.9362954,85510,67,,85510
1579,USA,2029,Feasibility study,NG w CCUS,,,H2,,1179167,919.3,7000000,877635
1588,USA,2025,Feasibility study,PEM,Dedicated renewable,Unknown,H2,100,19231,15,,19231
1598,NOR,2029,Concept,SOEC,Dedicated renewable,Others/Various,Synfuels,301.5814992,79364,61.9,,79364
1609,COL,2022,Operational,PEM,Dedicated renewable,Solar PV,H2,0.022,4,0,,4
1610,USA,2023,FID/Construction,ALK,Other/Unknown,,H2,37.78172022,8213,6,,8213
1618,UKR,2024,Concept,ALK,Dedicated renewable,Others/Various,Ammonia,46,10000,7.8,,10000
1619,UKR,,Concept,SOEC,Dedicated renewable,Others/Various,Ammonia,46,12105,9.4,,12105
1620,UKR,,Concept,SOEC,Dedicated renewable,Others/Various,Ammonia,92,24211,18.9,,24211
1628,FRA,2024,Feasibility study,ALK,Other/Unknown,,H2,45,9783,7.6,,9783
1631,DEU,2024,FID/Construction,PEM,Dedicated renewable,Offshore wind,H2,4,769,0.6,,769
1632,DEU,2024,Feasibility study,PEM,Dedicated renewable,Offshore wind,H2,86,16538,12.9,,16538
1639,AUS,,Feasibility study,PEM,Dedicated renewable,Solar PV,H2,17.5,3365,2.6,,3365
1640,GBR,2027,Feasibility study,NG w CCUS,,,H2,,113680,88.6,,0
1641,GBR,2030,Feasibility study,NG w CCUS,,,H2,,206545,161,,0
1642,GBR,2027,Feasibility study,NG w CCUS,,,H2,,230562,179.8,1600000,200602
1643,DEU,,Concept,NG w CCUS,,,H2,,200000,155.9,,0
1646,DEU,2024,Concept,SOEC,Dedicated renewable,Offshore wind,Ammonia,100,26316,20.5,,26316
1678,AUS,,Feasibility study,NG w CCUS,,,H2,,21377,17,150000,18806
1682,USA,,Concept,NG w CCUS,,,H2,,,,1100000,137914
1686,GRC,2030,Concept,NG w CCUS,,,H2,,,,600000,75226
1712,USA,2025,FID/Construction,ALK,Other/Unknown,,H2,220,47826,37.3,,47826
1713,USA,2024,Feasibility study,PEM,Other/Unknown,,H2,36.52,7022,5,,7022
1714,HUN,2024,Feasibility study,PEM,Other/Unknown,,H2,10,1923,1.5,,1923
1718,USA,,Feasibility study,SOEC,Other/Unknown,,Ammonia,10,2632,2.1,,2632
1719,USA,,Feasibility study,ALK,Other/Unknown,,Ammonia,20,4348,3.4,,4348
1720,ESP,2024,FID/Construction,ALK,Dedicated renewable,Others/Various,Synfuels,10,2174,1.7,,2174
1724,VNM,2024,FID/Construction,ALK,Other/Unknown,,Ammonia,528,114787,89,,114787
1726,USA,2026,Feasibility study,NG w CCUS,,,Ammonia,,86613,68,450000,56419
1728,ESP,,Feasibility study,PEM,Dedicated renewable,Offshore wind,H2,30,5769,4.5,,5769
1729,ESP,,Feasibility study,PEM,Dedicated renewable,Offshore wind,H2,50,9615,7.5,,9615
1732,DEU,2024,FID/Construction,PEM,Dedicated renewable,Onshore wind,H2,2,385,0.3,,385
1736,DEU,2026,FID/Construction,PEM,Dedicated renewable,Unknown,H2,7,1346,1,,1346
1744,USA,2025,Feasibility study,ALK,Other/Unknown,,H2,290,63043,49.2,,63043
1748,FRA,2025,Concept,ALK,Dedicated renewable,Solar PV,H2,100,21739,16.9,,21739
1752,FRA,2023,FID/Construction,ALK,Grid,,H2,1,217,0.2,,217
1754,GBR,2025,Feasibility study,PEM,Other/Unknown,,H2,20,3846,3,,3846
1759,IND,2023,FID/Construction,PEM,Dedicated renewable,Unknown,H2,10,1923,1.5,,1923
1760,CHN,2024,Concept,ALK,Dedicated renewable,Others/Various,H2,100,21739,16.9,,21739
1762,CHN,,Concept,ALK,Dedicated renewable,Solar PV,H2,50,10870,8.5,,10870
1765,DEU,2025,Feasibility study,ALK,Dedicated renewable,Others/Various,H2,100,21739,16.9,,21739
1768,FRA,2023,Operational,PEM,Other/Unknown,,H2,2.5,481,0.4,,481
1777,CHN,2022,Operational,PEM,Dedicated renewable,Others/Various,H2,2.421917808,466,0.4,,466
1778,CHN,,Concept,PEM,Dedicated renewable,Onshore wind,H2,29.03926941,5584,4.4,,5584
1795,CHN,2024,FID/Construction,PEM,Dedicated renewable,Others/Various,H2,426.8636807,82089,64,,82089
1801,NOR,,Concept,NG w CCUS,,,Ammonia,,230968,180.1,2000000,250753
1802,NOR,,Concept,NG w CCUS,,,Ammonia,,230968,180.1,2000000,250753
1806,NLD,2027,Feasibility study,ALK,Dedicated renewable,Offshore wind,H2,200,43478,33.9,,43478
1808,BRA,2023,FID/Construction,ALK,Dedicated renewable,Onshore wind,Ammonia,60,13043,10.2,,13043
1809,BRA,2025,Feasibility study,ALK,Dedicated renewable,Onshore wind,Ammonia,180,39130,30.5,,39130
1810,PER,,Feasibility study,PEM,Dedicated renewable,Unknown,H2,133.8951311,25749,20,,25749
1815,DEU,2026,Feasibility study,PEM,Dedicated renewable,Offshore wind,Synfuels,62.29525228,11980,9.3,,11980
1819,AUS,2023,FID/Construction,PEM,Other/Unknown,,H2,2.434456929,468,0,,468
1828,CAN,2023,FID/Construction,PEM,Dedicated renewable,Unknown,H2,5,962,0.7,,962
1829,BEL,2025,Feasibility study,PEM,Dedicated renewable,Unknown,H2,100,19231,15,,19231
1835,FRA,2023,Feasibility study,PEM,Dedicated renewable,Others/Various,CH4,1,192,0.1,,192
1848,IND,2026,Concept,ALK,Dedicated renewable,Others/Various,Ammonia,1300,282609,220.3,,282609
1861,BRA,2022,Operational,PEM,Dedicated renewable,Solar PV,H2,3,577,0.4,,577
1862,DEU,,Feasibility study,SOEC,Dedicated renewable,Unknown,Ammonia,700,184211,143.6,,184211
1871,NOR,2023,FID/Construction,PEM,Dedicated renewable,Unknown,H2,4.5,865,0.7,,865
1872,ARE,,Concept,NG w CCUS,,,H2,,,,,0
1873,ESP,2024,FID/Construction,PEM,Dedicated renewable,Solar PV,H2,5,962,0.7,,962
1875,COL,2026,Feasibility study,PEM,Dedicated renewable,Unknown,H2,60,11538,9,,11538
1876,COL,2026,Feasibility study,PEM,Dedicated renewable,Unknown,H2,60,11538,9,,11538
1886,DEU,2026,Feasibility study,PEM,Grid,N/A,MeOH,70,13462,10.5,,13462
1892,USA,2026,Feasibility study,PEM,Dedicated renewable,Others/Various,Synfuels,1800,346154,269.9,,346154
1896,KOR,,Feasibility study,PEM,Dedicated renewable,Onshore wind,H2,1,192,0.1,,192
1898,CAN,2024,FID/Construction,PEM,Dedicated renewable,Hydropower,H2,20,3846,3,,3846
1903,USA,2026,FID/Construction,NG w CCUS,,,Ammonia,,323355,252.1,2000000,250753
1908,ARE,,Concept,NG w CCUS,,,H2,,64132,50,,0
1909,ARE,,Concept,NG w CCUS,,,H2,,192396,150,,0
1912,AUS,,Concept,Biomass,,,Ammonia,,23097,18,,23097
1913,AUS,2028,Concept,NG w CCUS,N/A,N/A,Ammonia,,230968,180.1,,0
1927,GBR,2030,Concept,PEM,Dedicated renewable,Unknown,H2,270,51923,40.5,,51923
1932,USA,2027,Feasibility study,NG w CCUS,N/A,N/A,Ammonia,,323355,252,,0
1938,FRA,2024,FID/Construction,ALK,Dedicated renewable,Unknown,H2,1.75,380,0.3,,380
1940,CHN,2024,FID/Construction,ALK,Other/Unknown,Unknown,H2,22.54,4900,3.8,,4900
1943,ESP,2024,FID/Construction,PEM,Dedicated renewable,Solar PV,H2,1,192,0.1,,192
1947,JPN,2025,FID/Construction,NG w CCUS,,,Ammonia,,,1,,0
1948,JPN,2030,Concept,NG w CCUS,,,Ammonia,,,,,0
1949,FRA,2025,FID/Construction,NG w CCUS,,,H2,,,20,110000,13791
1956,USA,2008,Operational,PEM,Other/Unknown,,H2,15.82397004,3043,2,,3043
1957,USA,2021,Operational,PEM,Other/Unknown,,H2,8.520599251,1639,1,,1639
1958,USA,2023,FID/Construction,PEM,Other/Unknown,,H2,21.35488534,4107,3,,4107
1970,IND,2023,Operational,PEM,Grid+Renewables,Unknown,H2,0.0065,1,0,,1
1971,IND,2023,FID/Construction,ALK,Grid+Renewables,Unknown,H2,1.6,348,0.3,,348
1972,DEU,2025,FID/Construction,ALK,Dedicated renewable,Hydropower,H2,4.248114514,924,1,,924
1975,FRA,2024,FID/Construction,PEM,Other/Unknown,,H2,1,192,0.1,,192
1977,NLD,2025,Feasibility study,Biomass,,,H2,,169,0.13,,169
1986,USA,2023,Operational,PEM,Nuclear,,H2,1,192,0.1,,192
2000,IDN,2028,Concept,SOEC,Nuclear,,H2,1000,263158,205.2,,263158
2007,AUS,2024,FID/Construction,PEM,Dedicated renewable,Solar PV,H2,10,1923,1.5,,1923
2008,AUS,2028,Concept,ALK,Dedicated renewable,Others/Various,H2,300,65217,50.8,,65217
2009,AUS,2028,Concept,ALK,Dedicated renewable,Others/Various,H2,300,65217,50.8,,65217
2010,ITA,2025,Feasibility study,PEM,Dedicated renewable,Others/Various,H2,25,4808,3.7,,4808
2011,NZL,,Feasibility study,ALK,Dedicated renewable,Others/Various,H2,600,130435,101.7,,130435
2015,FIN,2030,Feasibility study,PEM,Grid,,Ammonia,1000,192308,149.9,,192308
2016,FIN,2030,Feasibility study,PEM,Grid,,H2,1000,192308,149.9,,192308
2017,FIN,2030,Feasibility study,PEM,Grid,,H2,200,38462,30,,38462
2030,ARG,,Feasibility study,PEM,Dedicated renewable,Onshore wind,H2,334.7,64373,50,,64373
2038,AUS,,Feasibility study,NG w CCUS,,,Ammonia,,57742,45,,0
2039,AUS,,Concept,NG w CCUS,,,Ammonia,,127032,99,,0
2055,CAN,2024,Feasibility study,NG w CCUS,,,Ammonia,1000,230968,180,,0
2060,PRT,2029,Concept,ALK,Dedicated renewable,Unknown,MeOH,500,108696,84.7,,108696
2063,POL,2024,FID/Construction,PEM,Other/Unknown,,H2,5,962,0.7,,962
2065,IND,2023,FID/Construction,ALK,Dedicated renewable,Solar PV,H2,1,217,0.2,,217
2066,BEL,2030,Feasibility study,Oil w CCUS,,,H2,,,,,0
2067,CHN,2025,Feasibility study,Oil w CCUS,,,H2,,,,1500000,89768
2068,DEU,2029,Concept,NG w CCUS,,,H2,,320225,249.7,1800000,225678
2069,FIN,2025,Feasibility study,NG w CCUS,,,H2,,,,,0
2070,GBR,2030,Feasibility study,NG w CCUS,,,H2,,,,550000,68957
2071,GBR,2027,Concept,NG w CCUS,,,H2,,336236,262,1800000,225678
2074,IDN,,Feasibility study,NG w CCUS,,,H2,,,,,0
2075,IND,,Concept,Coal w CCUS,,,H2,,,,,0
2076,IND,2026,Feasibility study,NG w CCUS,,,H2,,,,350000,43882
2077,ITA,2028,Feasibility study,NG w CCUS,,,H2,,30000,23.4,200000,25075
2078,NLD,2026,Feasibility study,NG w CCUS,,,Ammonia,,,,800000,100301
2079,OMN,,Concept,NG w CCUS,,,Ammonia,,295062,230,,0
2080,USA,2027,Concept,NG w CCUS,,,Ammonia,,300259,234,,0
2081,USA,,Feasibility study,NG w CCUS,,,Ammonia,,,,500000,62688
2082,USA,2026,FID/Construction,NG w CCUS,,,H2,,254065,198,2200000,275828
2083,USA,,Concept,NG w CCUS,,,Ammonia,,,,500000,62688
2084,USA,2028,Concept,NG w CCUS,,,Ammonia,,1662971,1297,12000000,1504517
2085,USA,2026,FID/Construction,NG w CCUS,,,Ammonia,,138581,108,450000,56419
2086,USA,,Feasibility study,NG w CCUS,,,Ammonia,,92387,72,250000,31344
2087,USA,2026,Concept,NG w CCUS,,,H2,,,,100000,12538
2088,USA,2030,Feasibility study,NG w CCUS,,,Ammonia,,,,,0
2089,USA,,Concept,NG w CCUS,,,Ammonia,,,,1000000,125376
2090,USA,,Feasibility study,NG w CCUS,,,H2,,,,,0
2091,USA,,Feasibility study,NG w CCUS,,,H2,,,,1400000,175527
2092,USA,,Feasibility study,NG w CCUS,,,H2,,,,1660000,208125
2093,USA,,Feasibility study,NG w CCUS,,,H2,,,,,0
2094,USA,,Feasibility study,NG w CCUS,,,H2,,,,,0
2096,PRY,2025,Feasibility study,ALK,Dedicated renewable,Unknown,Ammonia,120,26087,20.3,,26087
2102,USA,2023,FID/Construction,ALK,Dedicated renewable,Unknown,H2,,,,,0
2104,USA,,Concept,SOEC,Dedicated renewable,Unknown,Ammonia,650,171053,133.4,,171053
2105,DEU,2023,FID/Construction,ALK,Dedicated renewable,Solar PV,H2,5,1087,0.8,,1087
2110,MEX,,Concept,PEM,Dedicated renewable,Solar PV,Ammonia,274,52692,41.1,,52692
2132,KOR,2030,Concept,NG w CCUS,,,H2,,10261,8,,0
2133,SGP,2024,Feasibility study,ALK,Other/Unknown,Unknown,H2,9,1957,2,,1957
2151,ESP,2026,Feasibility study,ALK,Grid+Renewables,Onshore wind,H2,30,6522,5.1,,6522
2152,ESP,,Concept,ALK,Grid+Renewables,Onshore wind,H2,170,36957,28.8,,36957
2159,CAN,2027,Feasibility study,NG w CCUS,,,H2,,,,,0
2160,USA,2028,Feasibility study,NG w CCUS,,,Ammonia,,300259,234,,0
2175,CHN,,FID/Construction,PEM,Dedicated renewable,Others/Various,H2,666.9745011,128264,100,,128264
2178,ITA,,Concept,NG w CCUS,N/A,N/A,H2,,10005,8,0,0
2182,ESP,2025,Concept,ALK,Dedicated renewable,Solar PV,H2,100,21739,16.9,,21739
2184,ROU,,Feasibility study,PEM,Dedicated renewable,Onshore wind,H2,10,1923,1.5,,1923
2189,NOR,,Concept,ALK,Other/Unknown,,MeOH,819.811573,178220,139,,178220
2195,USA,2025,Concept,ALK,Other/Unknown,,H2,135,29348,22.9,,29348
2202,USA,2027,Feasibility study,NG w CCUS,,,Ammonia,,337214,263,,0
2204,MEX,2028,Concept,ALK,Dedicated renewable,Others/Various,Ammonia,160,34783,27.1,,34783
2205,MEX,2028,Concept,PEM,Dedicated renewable,Others/Various,Ammonia,40,7692,6,,7692
2208,DEU,2024,Feasibility study,ALK,Dedicated renewable,Others/Various,H2,10,2174,1.7,,2174
2212,ESP,2026,Feasibility study,Biomass,,,MeOH,,10798,8,,10798
2216,IRL,,Feasibility study,Biomass,,,H2,,,,,0
2219,NLD,2028,Feasibility study,NG w CCUS,,,H2,,384793,300,,0
2223,USA,2028,Concept,NG w CCUS,N/A,N/A,Ammonia,,505820,394,2870000,359830
2236,IND,2025,Feasibility study,ALK,Dedicated renewable,Unknown,H2,12,2609,2,,2609
2237,JPN,2030,Concept,Biomass w CCUS,,,H2,,7803,6,,7803
2241,SWE,,Feasibility study,Biomass w CCUS,,,H2,,17102,13,,17102
2246,ESP,2026,Feasibility study,ALK,Grid,,H2,150,32609,25.4,,32609
2251,ESP,2026,Feasibility study,ALK,Grid+Renewables,Solar PV,H2,30,6522,5.1,,6522
2256,ESP,2024,Feasibility study,Biomass,,,H2,,2280,2,,2280
2270,KOR,,Concept,Biomass,,,H2,,,,,0
2273,EST,,Concept,Biomass,,,H2,,,,,0
2274,FRA,,Concept,Biomass,,,H2,,321,0,,321
2275,KOR,2026,Concept,SOEC,Nuclear,,H2,0,,,,0
2288,CHN,2023,Operational,ALK,Dedicated renewable,Solar PV,H2,69,15000,11.7,,15000
2289,USA,2024,FID/Construction,PEM,Dedicated renewable,Unknown,Synfuels,0.8,160,0,,160
2293,CHN,2023,FID/Construction,NG w CCUS,,,H2,,70000,54.6,,0
2298,FRA,2028,Feasibility study,PEM,Grid,,H2,300,57692,45,,57692
2309,FRA,2024,FID/Construction,ALK,Grid,,H2,1,217,0.2,,217
2310,FRA,2025,Feasibility study,ALK,Grid,,H2,2,435,0.3,,435
2311,FRA,2025,Feasibility study,ALK,Grid,,H2,2,435,0.3,,435
2312,FRA,2025,Feasibility study,ALK,Grid,,H2,2,435,0.3,,435
2313,FRA,2025,Feasibility study,ALK,Grid,,H2,2,435,0.3,,435
2314,FRA,2025,Feasibility study,ALK,Grid,,H2,2,435,0.3,,435
2315,FRA,2027,Feasibility study,ALK,Grid,,H2,85,18478,14.4,,18478
2317,GBR,2026,Feasibility study,ALK,Dedicated renewable,Unknown,H2,5,1087,0.8,,1087
2319,ITA,2027,Concept,Biomass,,,H2,,2100,1.6,,2100
2320,GBR,2030,Feasibility study,NG w CCUS,,,H2,,192135,149.8,,0
2322,NOR,2030,Feasibility study,NG w CCUS,,,H2,,640449,499.3,3600000,451355
2323,PRT,,Feasibility study,PEM,Grid+Renewables,Solar PV,H2,4,769,0.6,,769
2327,ITA,2026,FID/Construction,ALK,Dedicated renewable,Solar PV,H2,2.5,543,0.4,,543
2328,DEU,2026,Concept,PEM,Dedicated renewable,Hydropower,H2,50,9615,7.5,,9615
2338,CAN,,Feasibility study,NG w CCUS,,N/A,H2,,487565,380.1,3000000,376129
2339,COL,,FID/Construction,Biomass w CCUS,,,Various,,47,,,47
2340,COL,2026,Concept,ALK,Dedicated renewable,Solar PV,Ammonia,30,6522,5.1,,6522
2341,COL,2023,FID/Construction,ALK,Dedicated renewable,Hydropower,Ammonia,2.3,500,0.4,,500
2342,COL,2025,FID/Construction,ALK,Dedicated renewable,Hydropower,Various,5,1087,0.8,,1087
2343,COL,2025,Feasibility study,ALK,Grid,,Ammonia,1,217,0.2,,217
2344,COL,2026,Concept,PEM,Dedicated renewable,Others/Various,Various,3000,576923,449.8,,576923
2347,COL,2026,Concept,PEM,Dedicated renewable,Solar PV,H2,2,385,0.3,,385
2348,COL,2027,Concept,PEM,Dedicated renewable,Solar PV,Various,1106.3832,212766,165.9,,212766
2349,COL,2027,Feasibility study,PEM,Dedicated renewable,Solar PV,Various,40,7692,6,,7692
2350,COL,2027,Concept,PEM,Dedicated renewable,Offshore wind,Various,1217.0236,234043,182.5,,234043
2351,COL,2024,Feasibility study,PEM,Dedicated renewable,Solar PV,H2,1.2,231,0.2,,231
2352,COL,2027,Feasibility study,ALK,Grid,,Ammonia,1000,217391,169.5,,217391
2353,COL,2023,Operational,PEM,Dedicated renewable,Solar PV,H2,0.165,32,0,,32
2379,COL,2030,Concept,PEM,Grid,,Ammonia,120,23077,18,,23077
2386,FRA,2027,FID/Construction,ALK,Grid,,H2,2,435,0.3,,435
2387,FRA,2025,FID/Construction,ALK,Grid,,H2,1,217,0.2,,217
2399,FRA,2030,Concept,PEM,Dedicated renewable,Solar PV,H2,10,1923,1.5,,1923
2402,FRA,2023,FID/Construction,Biomass,,,H2,,157,0,,157
2417,AUT,2025,Concept,PEM,Other/Unknown,Hydropower,H2,1,192,0.1,,192
2418,AUT,2023,Operational,PEM,Dedicated renewable,Others/Various,CH4,2,385,0.3,,385
2419,AUT,2024,Concept,SOEC,Grid,,H2,1,263,0.2,,263
2420,AUT,2017,Operational,ALK,Dedicated renewable,Solar PV,H2,0.35,76,0.1,,76
2421,AUT,2020,Operational,SOEC,Grid+Renewables,Hydropower,H2,0.15,39,0,,39
2423,EST,2030,Concept,PEM,Grid+Renewables,Unknown,H2,24,4615,3.6,,4615
2424,EST,2024,Feasibility study,ALK,Dedicated renewable,Solar PV,H2,0.21,46,0.036,,46
2426,FIN,2025,Feasibility study,ALK,Dedicated renewable,Others/Various,Various,200,43478,33.9,,43478
2440,ROU,2025,Feasibility study,ALK,Grid,,H2,5,1087,0.8,,1087
2442,PRT,2024,FID/Construction,PEM,Dedicated renewable,Solar PV,H2,4,769,0.6,,769
2443,PRT,2025,Feasibility study,PEM,Grid,,H2,6.6,1269,1,,1269
2445,IND,2023,FID/Construction,PEM,Grid+Renewables,Unknown,H2,0.34,65,0.1,,65
2446,IND,2023,FID/Construction,PEM,Dedicated renewable,Solar PV,H2,1,192,0.1,,192
2448,USA,,Feasibility study,Biomass w CCUS,,,H2,,26936,21,450000,26936
2449,USA,2026,Feasibility study,Biomass w CCUS,,,H2,,,,,0
2450,EST,2030,Concept,PEM,Grid+Renewables,Unknown,H2,24,4615,3.6,,4615
2455,IND,2025,Feasibility study,Biomass,,,H2,,520,0.41,,520
2465,IND,2026,Feasibility study,Biomass,,,H2,,74906,58,,74906
2466,IND,2024,Concept,ALK,Dedicated renewable,Unknown,H2,1475,320661,250,,320661
2474,IND,2025,Feasibility study,PEM,Dedicated renewable,Unknown,H2,0,75,0.06,,75
2478,IND,2026,Feasibility study,Biomass,,,H2,,1152,0.9,,1152
2480,IND,2030,Concept,PEM,Dedicated renewable,Unknown,H2,7303,1404494,1095,,1404494
2484,IND,2024,FID/Construction,Biomass,,,H2,,2850,2,,2850
2488,IND,2025,Feasibility study,SOEC,Dedicated renewable,Unknown,H2,0,2,0,,2
2489,IND,2026,Feasibility study,Biomass,,,H2,,52,0.04,,52
2500,CHN,,Feasibility study,ALK,Dedicated renewable,Others/Various,H2,270,58696,45.8,,58696
2503,CHE,2023,Operational,ALK,Dedicated renewable,Solar PV,CH4,0.5,109,0.1,,109
2524,DEU,2026,Feasibility study,PEM,Dedicated renewable,Offshore wind,H2,200,38462,30,,38462
2525,DEU,2028,Feasibility study,PEM,Dedicated renewable,Offshore wind,H2,300,57692,45,,57692
2539,IND,2030,Concept,Biomass,,,H2,,499,0.39,,499
2550,NOR,2023,FID/Construction,PEM,Dedicated renewable,Offshore wind,Ammonia,1,192,0.1,,192
2552,USA,2027,Feasibility study,NG w CCUS,N/A,N/A,Ammonia,,230968,180,,0
